{"cameraMode":{"drawMode":0,"name":"Shaded","section":"Shading Mode"},"sceneLighting":true,"audioPlay":false,"sceneViewState":{"showFog":true,"showMaterialUpdate":false,"showSkybox":true,"showFlares":true,"showImageEffects":true,"showParticleSystems":true},"in2DMode":false,"pivot":{"x":0.8773136138916016,"y":-52.712345123291019,"z":-7.0608978271484379},"rotation":{"x":-0.07492822408676148,"y":0.9232433438301086,"z":-0.2950374484062195,"w":-0.23446300625801087},"size":40.82508850097656,"orthographic":false}