{"cameraMode":{"drawMode":0,"name":"Shaded","section":"Shading Mode"},"sceneLighting":true,"audioPlay":false,"sceneViewState":{"showFog":true,"showMaterialUpdate":false,"showSkybox":true,"showFlares":true,"showImageEffects":true,"showParticleSystems":true},"in2DMode":false,"pivot":{"x":-47.243385314941409,"y":1.3210279941558838,"z":41.71353530883789},"rotation":{"x":-0.007502061780542135,"y":-0.956524133682251,"z":0.024692559614777566,"w":-0.2905435264110565},"size":25.74408531188965,"orthographic":false}