{"cameraMode":{"drawMode":0,"name":"Shaded","section":"Shading Mode"},"sceneLighting":true,"audioPlay":false,"sceneViewState":{"showFog":true,"showMaterialUpdate":false,"showSkybox":true,"showFlares":true,"showImageEffects":true,"showParticleSystems":true},"in2DMode":false,"pivot":{"x":-6.438581466674805,"y":9.702539443969727,"z":-23.164737701416017},"rotation":{"x":0.02011927030980587,"y":-0.9668371677398682,"z":0.24153603613376618,"w":0.0805361345410347},"size":16.510820388793947,"orthographic":false}