{"cameraMode":{"drawMode":0,"name":"Shaded","section":"Shading Mode"},"sceneLighting":false,"audioPlay":false,"sceneViewState":{"showFog":true,"showMaterialUpdate":false,"showSkybox":false,"showFlares":true,"showImageEffects":true,"showParticleSystems":true},"in2DMode":false,"pivot":{"x":-12.60689926147461,"y":0.717268705368042,"z":-14.398138046264649},"rotation":{"x":0.11264988034963608,"y":-0.7028308510780335,"z":0.113815538585186,"w":0.6932580471038818},"size":1.1232130527496338,"orthographic":false}