{"cameraMode":{"drawMode":0,"name":"Shaded","section":"Shading Mode"},"sceneLighting":true,"audioPlay":false,"sceneViewState":{"showFog":true,"showMaterialUpdate":false,"showSkybox":true,"showFlares":true,"showImageEffects":true,"showParticleSystems":true},"in2DMode":false,"pivot":{"x":0.5318386554718018,"y":0.061156511306762698,"z":8.081148147583008},"rotation":{"x":-0.030805379152297975,"y":0.9682749509811401,"z":-0.15259547531604768,"w":-0.19547180831432343},"size":6.84486198425293,"orthographic":false}