{"cameraMode":{"drawMode":0,"name":"Shaded","section":"Shading Mode"},"sceneLighting":false,"audioPlay":false,"sceneViewState":{"showFog":true,"showMaterialUpdate":false,"showSkybox":false,"showFlares":true,"showImageEffects":true,"showParticleSystems":true},"in2DMode":false,"pivot":{"x":-14.271038055419922,"y":-0.5426139831542969,"z":22.20818328857422},"rotation":{"x":0.08051127195358277,"y":0.9082648158073425,"z":-0.2068568766117096,"w":0.3549748361110687},"size":3.0552892684936525,"orthographic":false}