{"cameraMode":{"drawMode":0,"name":"Shaded","section":"Shading Mode"},"sceneLighting":false,"audioPlay":false,"sceneViewState":{"showFog":true,"showMaterialUpdate":false,"showSkybox":false,"showFlares":true,"showImageEffects":true,"showParticleSystems":true},"in2DMode":false,"pivot":{"x":-80.72093200683594,"y":4.298189163208008,"z":73.91207885742188},"rotation":{"x":-0.14066483080387116,"y":-0.05051996186375618,"z":0.007183995563536882,"w":-0.9887878894805908},"size":2.6735169887542726,"orthographic":false}