{"cameraMode":{"drawMode":0,"name":"Shaded","section":"Shading Mode"},"sceneLighting":false,"audioPlay":false,"sceneViewState":{"showFog":true,"showMaterialUpdate":false,"showSkybox":false,"showFlares":true,"showImageEffects":true,"showParticleSystems":true},"in2DMode":false,"pivot":{"x":-14.054404258728028,"y":0.305141806602478,"z":-14.413118362426758},"rotation":{"x":0.07910283654928208,"y":-0.7258166670799255,"z":0.08425138145685196,"w":0.6782764196395874},"size":1.7471585273742676,"orthographic":false}