{"cameraMode":{"drawMode":0,"name":"Shaded","section":"Shading Mode"},"sceneLighting":false,"audioPlay":false,"sceneViewState":{"showFog":true,"showMaterialUpdate":false,"showSkybox":false,"showFlares":true,"showImageEffects":true,"showParticleSystems":true},"in2DMode":false,"pivot":{"x":4.398991584777832,"y":1.0853558778762818,"z":50.322975158691409},"rotation":{"x":0.09030787646770477,"y":-0.6756266951560974,"z":0.08352717757225037,"w":0.7270615696907044},"size":0.6304152607917786,"orthographic":false}