{"cameraMode":{"drawMode":0,"name":"Shaded","section":"Shading Mode"},"sceneLighting":false,"audioPlay":false,"sceneViewState":{"showFog":true,"showMaterialUpdate":false,"showSkybox":false,"showFlares":true,"showImageEffects":true,"showParticleSystems":true},"in2DMode":false,"pivot":{"x":248.54281616210938,"y":0.45746850967407229,"z":164.34532165527345},"rotation":{"x":0.05168957635760307,"y":-0.7969242334365845,"z":0.06837774068117142,"w":0.5981605648994446},"size":0.6116794347763062,"orthographic":false}