{"cameraMode":{"drawMode":0,"name":"Shaded","section":"Shading Mode"},"sceneLighting":true,"audioPlay":false,"sceneViewState":{"showFog":true,"showMaterialUpdate":false,"showSkybox":true,"showFlares":true,"showImageEffects":true,"showParticleSystems":true},"in2DMode":false,"pivot":{"x":-21.93012809753418,"y":-7.846529960632324,"z":-12.273359298706055},"rotation":{"x":-0.09104524552822113,"y":0.8630567789077759,"z":-0.16805367171764375,"w":-0.46759316325187685},"size":27.17643928527832,"orthographic":false}