{"cameraMode":{"drawMode":0,"name":"Shaded","section":"Shading Mode"},"sceneLighting":false,"audioPlay":false,"sceneViewState":{"showFog":true,"showMaterialUpdate":false,"showSkybox":false,"showFlares":true,"showImageEffects":true,"showParticleSystems":true},"in2DMode":false,"pivot":{"x":-88.51467895507813,"y":-0.4729031026363373,"z":8.997786521911621},"rotation":{"x":-0.01054762490093708,"y":-0.8478818535804749,"z":0.016769040375947954,"w":-0.5298811197280884},"size":0.4919244050979614,"orthographic":false}