{"cameraMode":{"drawMode":0,"name":"Shaded","section":"Shading Mode"},"sceneLighting":false,"audioPlay":false,"sceneViewState":{"showFog":true,"showMaterialUpdate":false,"showSkybox":false,"showFlares":true,"showImageEffects":true,"showParticleSystems":true},"in2DMode":false,"pivot":{"x":-10.57055950164795,"y":0.5603321194648743,"z":-12.848021507263184},"rotation":{"x":-0.07523363828659058,"y":0.025172922760248185,"z":-0.0013555812183767558,"w":-0.9969132542610169},"size":1.7471585273742676,"orthographic":false}