{"cameraMode":{"drawMode":0,"name":"Shaded","section":"Shading Mode"},"sceneLighting":true,"audioPlay":false,"sceneViewState":{"showFog":true,"showMaterialUpdate":false,"showSkybox":true,"showFlares":true,"showImageEffects":true,"showParticleSystems":true},"in2DMode":false,"pivot":{"x":-13.0003080368042,"y":-3.384223461151123,"z":8.371227264404297},"rotation":{"x":-0.04284493625164032,"y":0.9353165626525879,"z":-0.12162411957979202,"w":-0.32948747277259829},"size":15.337268829345704,"orthographic":false}