{"cameraMode":{"drawMode":0,"name":"Shaded","section":"Shading Mode"},"sceneLighting":false,"audioPlay":false,"sceneViewState":{"showFog":true,"showMaterialUpdate":false,"showSkybox":false,"showFlares":true,"showImageEffects":true,"showParticleSystems":true},"in2DMode":false,"pivot":{"x":4.144031524658203,"y":0.9455827474594116,"z":49.99845886230469},"rotation":{"x":-0.1576993465423584,"y":0.7190878987312317,"z":-0.17239971458911897,"w":-0.6545630693435669},"size":1.122976541519165,"orthographic":false}