{"cameraMode":{"drawMode":0,"name":"Shaded","section":"Shading Mode"},"sceneLighting":false,"audioPlay":false,"sceneViewState":{"showFog":true,"showMaterialUpdate":false,"showSkybox":false,"showFlares":true,"showImageEffects":true,"showParticleSystems":true},"in2DMode":false,"pivot":{"x":-17.40859603881836,"y":1.7263621091842652,"z":25.790056228637697},"rotation":{"x":-0.09423833340406418,"y":0.6801726818084717,"z":-0.08803243935108185,"w":-0.721709668636322},"size":0.4077334403991699,"orthographic":false}