{"cameraMode":{"drawMode":0,"name":"Shaded","section":"Shading Mode"},"sceneLighting":false,"audioPlay":false,"sceneViewState":{"showFog":true,"showMaterialUpdate":false,"showSkybox":false,"showFlares":true,"showImageEffects":true,"showParticleSystems":true},"in2DMode":false,"pivot":{"x":-11.605140686035157,"y":1.2750056982040406,"z":-14.570571899414063},"rotation":{"x":-0.09423833340406418,"y":0.6801726818084717,"z":-0.08803243935108185,"w":-0.721709668636322},"size":0.22321301698684693,"orthographic":false}