{"cameraMode":{"drawMode":0,"name":"Shaded","section":"Shading Mode"},"sceneLighting":true,"audioPlay":false,"sceneViewState":{"showFog":true,"showMaterialUpdate":false,"showSkybox":true,"showFlares":true,"showImageEffects":true,"showParticleSystems":true},"in2DMode":false,"pivot":{"x":-25.874828338623048,"y":-6.953343391418457,"z":-24.062763214111329},"rotation":{"x":-0.08903250098228455,"y":0.8288349509239197,"z":-0.13664564490318299,"w":-0.5353367328643799},"size":32.47441482543945,"orthographic":false}