{"cameraMode":{"drawMode":0,"name":"Shaded","section":"Shading Mode"},"sceneLighting":false,"audioPlay":false,"sceneViewState":{"showFog":true,"showMaterialUpdate":false,"showSkybox":false,"showFlares":true,"showImageEffects":true,"showParticleSystems":true},"in2DMode":false,"pivot":{"x":-11.76278305053711,"y":1.0559114217758179,"z":-14.525762557983399},"rotation":{"x":0.074016273021698,"y":-0.7843702435493469,"z":0.09449046105146408,"w":0.6086702346801758},"size":0.8471586108207703,"orthographic":false}