{"cameraMode":{"drawMode":0,"name":"Shaded","section":"Shading Mode"},"sceneLighting":false,"audioPlay":false,"sceneViewState":{"showFog":true,"showMaterialUpdate":false,"showSkybox":false,"showFlares":true,"showImageEffects":true,"showParticleSystems":true},"in2DMode":false,"pivot":{"x":1.7177767753601075,"y":0.506024956703186,"z":-0.305988073348999},"rotation":{"x":-0.0008304865914396942,"y":0.9987538456916809,"z":-0.04678551107645035,"w":-0.01767812669277191},"size":4.65842342376709,"orthographic":false}