{"cameraMode":{"drawMode":0,"name":"Shaded","section":"Shading Mode"},"sceneLighting":false,"audioPlay":false,"sceneViewState":{"showFog":true,"showMaterialUpdate":false,"showSkybox":false,"showFlares":true,"showImageEffects":true,"showParticleSystems":true},"in2DMode":false,"pivot":{"x":58.868804931640628,"y":2.533888339996338,"z":141.13107299804688},"rotation":{"x":0.018821004778146745,"y":0.9615753889083862,"z":-0.264933705329895,"w":0.07037698477506638},"size":1.9666571617126465,"orthographic":false}