{"cameraMode":{"drawMode":0,"name":"Shaded","section":"Shading Mode"},"sceneLighting":false,"audioPlay":false,"sceneViewState":{"showFog":true,"showMaterialUpdate":false,"showSkybox":false,"showFlares":true,"showImageEffects":true,"showParticleSystems":true},"in2DMode":false,"pivot":{"x":2.326266288757324,"y":2.9200599193573,"z":-10.619206428527832},"rotation":{"x":-0.007135660853236914,"y":-0.9629490375518799,"z":0.2683975398540497,"w":-0.027596164494752885},"size":3.8893234729766847,"orthographic":false}