{"cameraMode":{"drawMode":0,"name":"Shaded","section":"Shading Mode"},"sceneLighting":true,"audioPlay":false,"sceneViewState":{"showFog":true,"showMaterialUpdate":false,"showSkybox":true,"showFlares":true,"showImageEffects":true,"showParticleSystems":true},"in2DMode":false,"pivot":{"x":14.22321605682373,"y":1.072443962097168,"z":28.142501831054689},"rotation":{"x":-0.008173976093530655,"y":0.9916393160820007,"z":-0.10929222404956818,"w":-0.06906085461378098},"size":0.652152419090271,"orthographic":false}