{"cameraMode":{"drawMode":0,"name":"Shaded","section":"Shading Mode"},"sceneLighting":true,"audioPlay":false,"sceneViewState":{"showFog":true,"showMaterialUpdate":false,"showSkybox":true,"showFlares":true,"showImageEffects":true,"showParticleSystems":true},"in2DMode":false,"pivot":{"x":-335.291259765625,"y":-78.74640655517578,"z":62.977333068847659},"rotation":{"x":0.09070905297994614,"y":-0.6664199233055115,"z":0.08087194710969925,"w":0.7357475161552429},"size":194.2683868408203,"orthographic":false}