{"cameraMode":{"drawMode":0,"name":"Shaded","section":"Shading Mode"},"sceneLighting":false,"audioPlay":false,"sceneViewState":{"showFog":true,"showMaterialUpdate":true,"showSkybox":false,"showFlares":true,"showImageEffects":true,"showParticleSystems":true},"in2DMode":false,"pivot":{"x":-5.165431499481201,"y":0.7144335508346558,"z":-15.849723815917969},"rotation":{"x":0.09135924279689789,"y":-0.8457521200180054,"z":0.15337105095386506,"w":0.503524899482727},"size":0.5545631051063538,"orthographic":false}