{"cameraMode":{"drawMode":0,"name":"Shaded","section":"Shading Mode"},"sceneLighting":false,"audioPlay":false,"sceneViewState":{"showFog":true,"showMaterialUpdate":true,"showSkybox":false,"showFlares":true,"showImageEffects":true,"showParticleSystems":true},"in2DMode":false,"pivot":{"x":1.5754883289337159,"y":2.250636577606201,"z":-12.532137870788575},"rotation":{"x":0.01717800833284855,"y":0.7577175498008728,"z":0.019637996330857278,"w":-0.6521491408348084},"size":2.883514881134033,"orthographic":false}