{"cameraMode":{"drawMode":0,"name":"Shaded","section":"Shading Mode"},"sceneLighting":false,"audioPlay":false,"sceneViewState":{"showFog":true,"showMaterialUpdate":true,"showSkybox":false,"showFlares":true,"showImageEffects":true,"showParticleSystems":true},"in2DMode":false,"pivot":{"x":-1.0481700897216797,"y":0.00908932089805603,"z":0.038621485233306888},"rotation":{"x":0.14715154469013215,"y":-0.2951214015483856,"z":0.04606557637453079,"w":0.9429494142532349},"size":2.4863011837005617,"orthographic":false}