{"cameraMode":{"drawMode":0,"name":"Shaded","section":"Shading Mode"},"sceneLighting":false,"audioPlay":false,"sceneViewState":{"showFog":true,"showMaterialUpdate":true,"showSkybox":false,"showFlares":true,"showImageEffects":true,"showParticleSystems":true},"in2DMode":false,"pivot":{"x":209.90048217773438,"y":8.700895309448243,"z":166.78067016601563},"rotation":{"x":-0.12067818641662598,"y":0.11408698558807373,"z":-0.014354723505675793,"w":-0.9861201643943787},"size":6.660831928253174,"orthographic":false}