{"cameraMode":{"drawMode":0,"name":"Shaded","section":"Shading Mode"},"sceneLighting":true,"audioPlay":false,"sceneViewState":{"showFog":true,"showMaterialUpdate":true,"showSkybox":true,"showFlares":true,"showImageEffects":true,"showParticleSystems":true},"in2DMode":false,"pivot":{"x":-0.7958326935768127,"y":-0.5035660266876221,"z":-12.469018936157227},"rotation":{"x":0.0005732912104576826,"y":-0.9992637634277344,"z":0.05042152479290962,"w":0.0029152408242225649},"size":19.980159759521486,"orthographic":false}