{"cameraMode":{"drawMode":0,"name":"Shaded","section":"Shading Mode"},"sceneLighting":false,"audioPlay":false,"sceneViewState":{"showFog":true,"showMaterialUpdate":true,"showSkybox":false,"showFlares":true,"showImageEffects":true,"showParticleSystems":true},"in2DMode":false,"pivot":{"x":-2.3961167335510256,"y":-0.01713252067565918,"z":4.422074794769287},"rotation":{"x":-0.09648770093917847,"y":0.31816667318344118,"z":-0.032553188502788547,"w":-0.9426366090774536},"size":1.6384387016296387,"orthographic":false}