{"cameraMode":{"drawMode":0,"name":"Shaded","section":"Shading Mode"},"sceneLighting":false,"audioPlay":false,"sceneViewState":{"showFog":true,"showMaterialUpdate":true,"showSkybox":false,"showFlares":true,"showImageEffects":true,"showParticleSystems":true},"in2DMode":false,"pivot":{"x":-7.844272613525391,"y":3.479013442993164,"z":-6.569518566131592},"rotation":{"x":-0.052595168352127078,"y":-0.26722240447998049,"z":-0.01453339122235775,"w":0.9621264934539795},"size":3.2262556552886965,"orthographic":false}