{"cameraMode":{"drawMode":0,"name":"Shaded","section":"Shading Mode"},"sceneLighting":true,"audioPlay":false,"sceneViewState":{"showFog":true,"showMaterialUpdate":true,"showSkybox":true,"showFlares":true,"showImageEffects":true,"showParticleSystems":true},"in2DMode":false,"pivot":{"x":23.24477767944336,"y":-6.352091312408447,"z":-19.406230926513673},"rotation":{"x":0.10400788486003876,"y":0.848682701587677,"z":-0.18349257111549378,"w":0.4859403371810913},"size":14.03369140625,"orthographic":false}