{"cameraMode":{"drawMode":0,"name":"Shaded","section":"Shading Mode"},"sceneLighting":true,"audioPlay":false,"sceneViewState":{"showFog":true,"showMaterialUpdate":true,"showSkybox":true,"showFlares":true,"showImageEffects":true,"showParticleSystems":true},"in2DMode":false,"pivot":{"x":-4.388979911804199,"y":4.41378116607666,"z":10.026474952697754},"rotation":{"x":0.05195532739162445,"y":0.4318538010120392,"z":0.024780310690402986,"w":-0.9001506567001343},"size":17.99129295349121,"orthographic":false}