{"cameraMode":{"drawMode":0,"name":"Shaded","section":"Shading Mode"},"sceneLighting":true,"audioPlay":false,"sceneViewState":{"showFog":true,"showMaterialUpdate":true,"showSkybox":true,"showFlares":true,"showImageEffects":true,"showParticleSystems":true},"in2DMode":false,"pivot":{"x":0.2997446060180664,"y":1.0099105834960938,"z":-1.4766874313354493},"rotation":{"x":-0.15692788362503053,"y":0.24805451929569245,"z":-0.041023775935173038,"w":-0.95514976978302},"size":17.911346435546876,"orthographic":false}