{"cameraMode":{"drawMode":0,"name":"Shaded","section":"Shading Mode"},"sceneLighting":false,"audioPlay":false,"sceneViewState":{"showFog":true,"showMaterialUpdate":true,"showSkybox":false,"showFlares":true,"showImageEffects":true,"showParticleSystems":true},"in2DMode":false,"pivot":{"x":-12.90045166015625,"y":-15.414323806762696,"z":9.972785949707032},"rotation":{"x":-0.05516800284385681,"y":0.769394040107727,"z":-0.06643795967102051,"w":-0.6337490677833557},"size":107.0490493774414,"orthographic":false}