{"cameraMode":{"drawMode":0,"name":"Shaded","section":"Shading Mode"},"sceneLighting":false,"audioPlay":false,"sceneViewState":{"showFog":true,"showMaterialUpdate":true,"showSkybox":false,"showFlares":true,"showImageEffects":true,"showParticleSystems":true},"in2DMode":false,"pivot":{"x":1.4513893127441407,"y":2.9723267555236818,"z":6.758487701416016},"rotation":{"x":-0.13725970685482026,"y":0.6558106541633606,"z":-0.12306614220142365,"w":-0.7320975661277771},"size":8.497961044311524,"orthographic":false}