{"cameraMode":{"drawMode":0,"name":"Shaded","section":"Shading Mode"},"sceneLighting":true,"audioPlay":false,"sceneViewState":{"showFog":true,"showMaterialUpdate":true,"showSkybox":true,"showFlares":true,"showImageEffects":true,"showParticleSystems":true},"in2DMode":false,"pivot":{"x":-2.655886173248291,"y":5.173247337341309,"z":-10.771347045898438},"rotation":{"x":-0.10257948189973831,"y":-0.05606383457779884,"z":0.005607903935015202,"w":-0.9931821823120117},"size":38.542423248291019,"orthographic":false}