{"cameraMode":{"drawMode":0,"name":"Shaded","section":"Shading Mode"},"sceneLighting":false,"audioPlay":false,"sceneViewState":{"showFog":true,"showMaterialUpdate":true,"showSkybox":true,"showFlares":true,"showImageEffects":true,"showParticleSystems":true},"in2DMode":false,"pivot":{"x":208.52053833007813,"y":-77.66828918457031,"z":273.6667785644531},"rotation":{"x":-0.14042766392230988,"y":-0.3114895224571228,"z":0.046597715467214587,"w":-0.9386681914329529},"size":455.7057189941406,"orthographic":false}