{"cameraMode":{"drawMode":0,"name":"Shaded","section":"Shading Mode"},"sceneLighting":true,"audioPlay":false,"sceneViewState":{"showFog":true,"showMaterialUpdate":true,"showSkybox":true,"showFlares":true,"showImageEffects":true,"showParticleSystems":true},"in2DMode":false,"pivot":{"x":68.04146575927735,"y":9.545293807983399,"z":152.67311096191407},"rotation":{"x":-0.16394363343715669,"y":0.22112955152988435,"z":-0.03872550278902054,"w":-0.9608392715454102},"size":21.947471618652345,"orthographic":false}