{"cameraMode":{"drawMode":0,"name":"Shaded","section":"Shading Mode"},"sceneLighting":false,"audioPlay":false,"sceneViewState":{"showFog":true,"showMaterialUpdate":true,"showSkybox":false,"showFlares":true,"showImageEffects":true,"showParticleSystems":true},"in2DMode":false,"pivot":{"x":-0.6409801840782166,"y":0.08645522594451904,"z":4.803023338317871},"rotation":{"x":-0.13752838969230653,"y":0.02527645044028759,"z":-0.003508320776745677,"w":-0.9902509450912476},"size":3.32317852973938,"orthographic":false}