{"cameraMode":{"drawMode":0,"name":"Shaded","section":"Shading Mode"},"sceneLighting":true,"audioPlay":false,"sceneViewState":{"showFog":true,"showMaterialUpdate":true,"showSkybox":true,"showFlares":true,"showImageEffects":true,"showParticleSystems":true},"in2DMode":false,"pivot":{"x":-1.501185417175293,"y":0.8716781139373779,"z":6.4623284339904789},"rotation":{"x":-0.10448002815246582,"y":0.19763323664665223,"z":-0.02118920534849167,"w":-0.9744660258293152},"size":12.6250638961792,"orthographic":false}