{"cameraMode":{"drawMode":0,"name":"Shaded","section":"Shading Mode"},"sceneLighting":false,"audioPlay":false,"sceneViewState":{"showFog":true,"showMaterialUpdate":true,"showSkybox":false,"showFlares":true,"showImageEffects":true,"showParticleSystems":true},"in2DMode":false,"pivot":{"x":-21.912036895751954,"y":2.9522154331207277,"z":0.3033894896507263},"rotation":{"x":0.050775427371263507,"y":-0.6997939348220825,"z":0.05012601613998413,"w":0.7108086943626404},"size":15.374813079833985,"orthographic":false}