{"cameraMode":{"drawMode":0,"name":"Shaded","section":"Shading Mode"},"sceneLighting":true,"audioPlay":false,"sceneViewState":{"showFog":true,"showMaterialUpdate":true,"showSkybox":true,"showFlares":true,"showImageEffects":true,"showParticleSystems":true},"in2DMode":false,"pivot":{"x":0.0,"y":5.6855669021606449,"z":-6.205183506011963},"rotation":{"x":-0.06473039835691452,"y":0.03125336021184921,"z":-0.0028347221668809654,"w":-0.997642457485199},"size":1.0864830017089844,"orthographic":false}