{"cameraMode":{"drawMode":0,"name":"Shaded","section":"Shading Mode"},"sceneLighting":true,"audioPlay":false,"sceneViewState":{"showFog":true,"showMaterialUpdate":true,"showSkybox":true,"showFlares":true,"showImageEffects":true,"showParticleSystems":true},"in2DMode":false,"pivot":{"x":-3.5493416786193849,"y":-1.4586939811706544,"z":0.9896130561828613},"rotation":{"x":-0.2791578769683838,"y":0.4140332341194153,"z":-0.1350543051958084,"w":-0.8558087348937988},"size":9.868650436401368,"orthographic":false}