{"cameraMode":{"drawMode":0,"name":"Shaded","section":"Shading Mode"},"sceneLighting":true,"audioPlay":false,"sceneViewState":{"showFog":true,"showMaterialUpdate":true,"showSkybox":true,"showFlares":true,"showImageEffects":true,"showParticleSystems":true},"in2DMode":false,"pivot":{"x":-2.993548631668091,"y":6.204669952392578,"z":2.7426042556762697},"rotation":{"x":0.09969083219766617,"y":-0.03223661705851555,"z":0.0033158250153064729,"w":0.9945240020751953},"size":14.236037254333496,"orthographic":false}