{"cameraMode":{"drawMode":0,"name":"Shaded","section":"Shading Mode"},"sceneLighting":true,"audioPlay":false,"sceneViewState":{"showFog":true,"showMaterialUpdate":true,"showSkybox":true,"showFlares":true,"showImageEffects":true,"showParticleSystems":true},"in2DMode":false,"pivot":{"x":2.8583507537841799,"y":2.079190492630005,"z":3.1876487731933595},"rotation":{"x":0.07926761358976364,"y":0.2288268357515335,"z":-0.017808740958571435,"w":0.9702176451683044},"size":41.06177520751953,"orthographic":false}