{"cameraMode":{"drawMode":0,"name":"Shaded","section":"Shading Mode"},"sceneLighting":true,"audioPlay":false,"sceneViewState":{"showFog":true,"showMaterialUpdate":true,"showSkybox":true,"showFlares":true,"showImageEffects":true,"showParticleSystems":true},"in2DMode":false,"pivot":{"x":-1.711092472076416,"y":-0.21107912063598634,"z":-5.928235054016113},"rotation":{"x":-0.060407090932130817,"y":0.9354992508888245,"z":-0.19676533341407777,"w":-0.28721559047698977},"size":11.256818771362305,"orthographic":false}