{"cameraMode":{"drawMode":0,"name":"Shaded","section":"Shading Mode"},"sceneLighting":true,"audioPlay":false,"sceneViewState":{"showFog":true,"showMaterialUpdate":true,"showSkybox":true,"showFlares":true,"showImageEffects":true,"showParticleSystems":true},"in2DMode":false,"pivot":{"x":14.836307525634766,"y":26.878887176513673,"z":0.8543405532836914},"rotation":{"x":0.062497906386852267,"y":0.6686365008354187,"z":-0.05740724131464958,"w":0.7394298315048218},"size":32.06395721435547,"orthographic":false}