{"cameraMode":{"drawMode":0,"name":"Shaded","section":"Shading Mode"},"sceneLighting":true,"audioPlay":false,"sceneViewState":{"showFog":true,"showMaterialUpdate":true,"showSkybox":true,"showFlares":true,"showImageEffects":true,"showParticleSystems":true},"in2DMode":false,"pivot":{"x":-63.925445556640628,"y":-62.44678497314453,"z":263.7298583984375},"rotation":{"x":-0.13470721244812013,"y":0.0519736148416996,"z":-0.0076227071695029739,"w":-0.9896205067634583},"size":371.73883056640627,"orthographic":false}