{"cameraMode":{"drawMode":0,"name":"Shaded","section":"Shading Mode"},"sceneLighting":false,"audioPlay":false,"sceneViewState":{"showFog":true,"showMaterialUpdate":true,"showSkybox":false,"showFlares":true,"showImageEffects":true,"showParticleSystems":true},"in2DMode":false,"pivot":{"x":-0.4054069221019745,"y":0.18930482864379884,"z":5.115574836730957},"rotation":{"x":-0.07942163199186325,"y":0.004507261328399181,"z":-0.00034435943234711885,"w":-0.9969127178192139},"size":4.978504180908203,"orthographic":false}