{"cameraMode":{"drawMode":0,"name":"Shaded","section":"Shading Mode"},"sceneLighting":true,"audioPlay":false,"sceneViewState":{"showFog":true,"showMaterialUpdate":true,"showSkybox":true,"showFlares":true,"showImageEffects":true,"showParticleSystems":true},"in2DMode":false,"pivot":{"x":-3.843958854675293,"y":-0.9141063690185547,"z":2.7305030822753908},"rotation":{"x":-0.039642319083213809,"y":0.9057151079177856,"z":-0.4129812717437744,"w":-0.08694183826446533},"size":13.394927024841309,"orthographic":false}