{"cameraMode":{"drawMode":0,"name":"Shaded","section":"Shading Mode"},"sceneLighting":true,"audioPlay":false,"sceneViewState":{"showFog":true,"showMaterialUpdate":true,"showSkybox":true,"showFlares":true,"showImageEffects":true,"showParticleSystems":true},"in2DMode":false,"pivot":{"x":2.4160783290863039,"y":0.5157060623168945,"z":2.570021629333496},"rotation":{"x":-0.11573197692632675,"y":0.08244985342025757,"z":-0.009900597855448723,"w":-0.9898782968521118},"size":18.25011444091797,"orthographic":false}