{"cameraMode":{"drawMode":0,"name":"Shaded","section":"Shading Mode"},"sceneLighting":true,"audioPlay":false,"sceneViewState":{"showFog":true,"showMaterialUpdate":true,"showSkybox":true,"showFlares":true,"showImageEffects":true,"showParticleSystems":true},"in2DMode":false,"pivot":{"x":0.012484654784202576,"y":6.903814315795898,"z":-54.504913330078128},"rotation":{"x":0.08933700621128082,"y":0.0038137787487357857,"z":-0.0010531448060646654,"w":0.9964700937271118},"size":0.2859817147254944,"orthographic":false}