{"cameraMode":{"drawMode":0,"name":"Shaded","section":"Shading Mode"},"sceneLighting":false,"audioPlay":false,"sceneViewState":{"showFog":true,"showMaterialUpdate":true,"showSkybox":false,"showFlares":true,"showImageEffects":true,"showParticleSystems":true},"in2DMode":false,"pivot":{"x":-1.173238754272461,"y":1.3762106895446778,"z":20.50556755065918},"rotation":{"x":0.013457213528454304,"y":-0.7676210999488831,"z":0.0153732318431139,"w":0.6412538886070252},"size":2.8351824283599855,"orthographic":false}