{"cameraMode":{"drawMode":0,"name":"Shaded","section":"Shading Mode"},"sceneLighting":false,"audioPlay":false,"sceneViewState":{"showFog":false,"showMaterialUpdate":false,"showSkybox":false,"showFlares":false,"showImageEffects":false,"showParticleSystems":false},"in2DMode":false,"pivot":{"x":0.7790559530258179,"y":8.262726783752442,"z":5.30258846282959},"rotation":{"x":0.046204227954149249,"y":-0.9471620917320252,"z":0.16168315708637238,"w":0.27399110794067385},"size":0.37461477518081667,"orthographic":false}