{"cameraMode":{"drawMode":0,"name":"Shaded","section":"Shading Mode"},"sceneLighting":true,"audioPlay":false,"sceneViewState":{"showFog":true,"showMaterialUpdate":true,"showSkybox":false,"showFlares":true,"showImageEffects":true,"showParticleSystems":true},"in2DMode":false,"pivot":{"x":4.880550384521484,"y":2.226407527923584,"z":-2.562230110168457},"rotation":{"x":0.09369292855262757,"y":0.04240051656961441,"z":-0.003901975927874446,"w":0.9947258234024048},"size":1.8723559379577637,"orthographic":false}