{"cameraMode":{"drawMode":0,"name":"Shaded","section":"Shading Mode"},"sceneLighting":true,"audioPlay":false,"sceneViewState":{"showFog":true,"showMaterialUpdate":true,"showSkybox":true,"showFlares":true,"showImageEffects":true,"showParticleSystems":true},"in2DMode":false,"pivot":{"x":5.5752458572387699,"y":2.4231936931610109,"z":3.610635757446289},"rotation":{"x":-0.035657867789268497,"y":-0.2645256519317627,"z":0.009508015587925911,"w":-0.963748037815094},"size":8.725142478942871,"orthographic":false}