{"cameraMode":{"drawMode":0,"name":"Shaded","section":"Shading Mode"},"sceneLighting":true,"audioPlay":false,"sceneViewState":{"showFog":true,"showMaterialUpdate":true,"showSkybox":true,"showFlares":true,"showImageEffects":true,"showParticleSystems":true},"in2DMode":false,"pivot":{"x":-0.361000120639801,"y":6.814453125,"z":-53.91950225830078},"rotation":{"x":-0.08933443576097489,"y":0.022230271250009538,"z":-0.0015181960770860315,"w":-0.996291995048523},"size":0.5890957117080689,"orthographic":false}