{"cameraMode":{"drawMode":0,"name":"Shaded","section":"Shading Mode"},"sceneLighting":true,"audioPlay":false,"sceneViewState":{"showFog":true,"showMaterialUpdate":true,"showSkybox":true,"showFlares":true,"showImageEffects":true,"showParticleSystems":true},"in2DMode":false,"pivot":{"x":-16.71566390991211,"y":-17.45201873779297,"z":-18.34890365600586},"rotation":{"x":0.050563644617795947,"y":-0.947782039642334,"z":0.19262152910232545,"w":0.2504701018333435},"size":41.48420333862305,"orthographic":false}