{"cameraMode":{"drawMode":0,"name":"Shaded","section":"Shading Mode"},"sceneLighting":false,"audioPlay":false,"sceneViewState":{"showFog":true,"showMaterialUpdate":true,"showSkybox":false,"showFlares":true,"showImageEffects":true,"showParticleSystems":true},"in2DMode":false,"pivot":{"x":4.117788314819336,"y":3.7101564407348635,"z":0.11981868743896485},"rotation":{"x":0.15857510268688203,"y":-0.8287163376808167,"z":0.45058009028434756,"w":0.291655033826828},"size":15.378028869628907,"orthographic":false}