{"cameraMode":{"drawMode":0,"name":"Shaded","section":"Shading Mode"},"sceneLighting":true,"audioPlay":false,"sceneViewState":{"showFog":true,"showMaterialUpdate":true,"showSkybox":true,"showFlares":true,"showImageEffects":true,"showParticleSystems":true},"in2DMode":false,"pivot":{"x":5.317347049713135,"y":4.49674129486084,"z":6.486179351806641},"rotation":{"x":-0.12832403182983399,"y":-0.20171351730823518,"z":0.0265246219933033,"w":-0.9706878066062927},"size":31.93063735961914,"orthographic":false}