{"cameraMode":{"drawMode":0,"name":"Shaded","section":"Shading Mode"},"sceneLighting":true,"audioPlay":false,"sceneViewState":{"showFog":true,"showMaterialUpdate":true,"showSkybox":true,"showFlares":true,"showImageEffects":true,"showParticleSystems":true},"in2DMode":false,"pivot":{"x":9.175870895385743,"y":-18.515859603881837,"z":-25.301631927490236},"rotation":{"x":-0.016622429713606836,"y":-0.9809513092041016,"z":0.17183873057365418,"w":-0.09479090571403504},"size":42.462249755859378,"orthographic":false}