{"cameraMode":{"drawMode":0,"name":"Shaded","section":"Shading Mode"},"sceneLighting":true,"audioPlay":false,"sceneViewState":{"showFog":true,"showMaterialUpdate":true,"showSkybox":true,"showFlares":true,"showImageEffects":true,"showParticleSystems":true},"in2DMode":false,"pivot":{"x":1.1594829559326172,"y":6.005395889282227,"z":-1.1805248260498047},"rotation":{"x":0.10132092237472534,"y":0.325569212436676,"z":-0.035031408071517947,"w":0.9394572377204895},"size":21.75501251220703,"orthographic":false}