{"cameraMode":{"drawMode":0,"name":"Shaded","section":"Shading Mode"},"sceneLighting":true,"audioPlay":false,"sceneViewState":{"showFog":true,"showMaterialUpdate":true,"showSkybox":true,"showFlares":true,"showImageEffects":true,"showParticleSystems":true},"in2DMode":false,"pivot":{"x":-11.510982513427735,"y":-8.24582290649414,"z":-8.931758880615235},"rotation":{"x":0.06932926923036576,"y":-0.9257047176361084,"z":0.2022998034954071,"w":0.3133808374404907},"size":31.438255310058595,"orthographic":false}