{"cameraMode":{"drawMode":0,"name":"Shaded","section":"Shading Mode"},"sceneLighting":true,"audioPlay":false,"sceneViewState":{"showFog":true,"showMaterialUpdate":true,"showSkybox":true,"showFlares":true,"showImageEffects":true,"showParticleSystems":true},"in2DMode":false,"pivot":{"x":268.79541015625,"y":-81.44989013671875,"z":171.16876220703126},"rotation":{"x":0.15445677936077119,"y":0.5478079319000244,"z":-0.10333728790283203,"w":0.8158052563667297},"size":392.55694580078127,"orthographic":false}