{"cameraMode":{"drawMode":0,"name":"Shaded","section":"Shading Mode"},"sceneLighting":false,"audioPlay":false,"sceneViewState":{"showFog":true,"showMaterialUpdate":true,"showSkybox":false,"showFlares":true,"showImageEffects":true,"showParticleSystems":true},"in2DMode":false,"pivot":{"x":-11.978513717651368,"y":0.11680424213409424,"z":-10.861909866333008},"rotation":{"x":-0.12209522724151612,"y":0.02729043737053871,"z":-0.003708195872604847,"w":-0.9924649000167847},"size":2.2262234687805177,"orthographic":false}