{"cameraMode":{"drawMode":0,"name":"Shaded","section":"Shading Mode"},"sceneLighting":true,"audioPlay":false,"sceneViewState":{"showFog":true,"showMaterialUpdate":true,"showSkybox":true,"showFlares":true,"showImageEffects":true,"showParticleSystems":true},"in2DMode":false,"pivot":{"x":-0.029466450214385988,"y":3.6884188652038576,"z":-12.362015724182129},"rotation":{"x":-0.1160607635974884,"y":0.037837915122509,"z":-0.0046775066293776039,"w":-0.9925870299339294},"size":9.141664505004883,"orthographic":false}