{"cameraMode":{"drawMode":0,"name":"Shaded","section":"Shading Mode"},"sceneLighting":true,"audioPlay":false,"sceneViewState":{"showFog":true,"showMaterialUpdate":true,"showSkybox":true,"showFlares":true,"showImageEffects":true,"showParticleSystems":true},"in2DMode":false,"pivot":{"x":-0.47098779678344729,"y":-1.232882022857666,"z":17.40273094177246},"rotation":{"x":-0.06237335130572319,"y":-0.0038771661929786207,"z":-0.00001793618139345199,"w":-0.998124361038208},"size":21.528060913085939,"orthographic":false}