{"cameraMode":{"drawMode":0,"name":"Shaded","section":"Shading Mode"},"sceneLighting":true,"audioPlay":false,"sceneViewState":{"showFog":true,"showMaterialUpdate":true,"showSkybox":true,"showFlares":true,"showImageEffects":true,"showParticleSystems":true},"in2DMode":false,"pivot":{"x":-2.8366522789001467,"y":-0.534109354019165,"z":-5.168790817260742},"rotation":{"x":-0.07186020165681839,"y":0.8132147789001465,"z":-0.10246840864419937,"w":-0.5692641139030457},"size":14.720792770385743,"orthographic":false}