{"cameraMode":{"drawMode":0,"name":"Shaded","section":"Shading Mode"},"sceneLighting":true,"audioPlay":false,"sceneViewState":{"showFog":true,"showMaterialUpdate":true,"showSkybox":true,"showFlares":true,"showImageEffects":true,"showParticleSystems":true},"in2DMode":false,"pivot":{"x":-5.048410415649414,"y":-3.2802658081054689,"z":0.6334972381591797},"rotation":{"x":0.0011591431684792042,"y":-0.9760530591011047,"z":0.21971620619297028,"w":0.0009105397621169686},"size":31.193254470825197,"orthographic":false}