{"cameraMode":{"drawMode":0,"name":"Shaded","section":"Shading Mode"},"sceneLighting":false,"audioPlay":false,"sceneViewState":{"showFog":true,"showMaterialUpdate":true,"showSkybox":false,"showFlares":true,"showImageEffects":true,"showParticleSystems":true},"in2DMode":false,"pivot":{"x":-5.110000133514404,"y":1.899999976158142,"z":-24.780000686645509},"rotation":{"x":-0.030075998976826669,"y":-0.4222702980041504,"z":0.01221421454101801,"w":-0.9062033891677856},"size":13.535085678100586,"orthographic":false}