{"cameraMode":{"drawMode":0,"name":"Shaded","section":"Shading Mode"},"sceneLighting":false,"audioPlay":false,"sceneViewState":{"showFog":true,"showMaterialUpdate":true,"showSkybox":false,"showFlares":true,"showImageEffects":true,"showParticleSystems":true},"in2DMode":false,"pivot":{"x":-0.7682732939720154,"y":-0.433011531829834,"z":1.5831222534179688},"rotation":{"x":0.21878185868263246,"y":0.1641795039176941,"z":-0.037356287240982059,"w":0.9611514806747437},"size":4.286301136016846,"orthographic":false}