{"cameraMode":{"drawMode":0,"name":"Shaded","section":"Shading Mode"},"sceneLighting":true,"audioPlay":false,"sceneViewState":{"showFog":true,"showMaterialUpdate":true,"showSkybox":true,"showFlares":true,"showImageEffects":true,"showParticleSystems":true},"in2DMode":false,"pivot":{"x":1.6557669639587403,"y":0.9293149709701538,"z":-3.3787007331848146},"rotation":{"x":0.020721759647130967,"y":-0.8722559809684753,"z":0.03758733347058296,"w":0.48790809512138369},"size":1.2391130924224854,"orthographic":false}