{"cameraMode":{"drawMode":0,"name":"Shaded","section":"Shading Mode"},"sceneLighting":true,"audioPlay":false,"sceneViewState":{"showFog":true,"showMaterialUpdate":true,"showSkybox":true,"showFlares":true,"showImageEffects":true,"showParticleSystems":true},"in2DMode":false,"pivot":{"x":-1.7585315704345704,"y":-8.10934066772461,"z":5.568201065063477},"rotation":{"x":0.20144648849964143,"y":0.1424439549446106,"z":-0.029209788888692857,"w":0.9689851999282837},"size":16.376876831054689,"orthographic":false}