{"cameraMode":{"drawMode":0,"name":"Shaded","section":"Shading Mode"},"sceneLighting":true,"audioPlay":false,"sceneViewState":{"showFog":true,"showMaterialUpdate":true,"showSkybox":true,"showFlares":true,"showImageEffects":true,"showParticleSystems":true},"in2DMode":false,"pivot":{"x":6.984844207763672,"y":1.8308025598526,"z":-10.492362976074219},"rotation":{"x":-0.06618348509073258,"y":-0.7276836633682251,"z":0.07058896124362946,"w":-0.679140031337738},"size":8.724181175231934,"orthographic":false}