{"cameraMode":{"drawMode":0,"name":"Shaded","section":"Shading Mode"},"sceneLighting":true,"audioPlay":false,"sceneViewState":{"showFog":true,"showMaterialUpdate":true,"showSkybox":true,"showFlares":true,"showImageEffects":true,"showParticleSystems":true},"in2DMode":false,"pivot":{"x":3.2282309532165529,"y":2.5490899085998537,"z":7.9265031814575199},"rotation":{"x":0.07421190291643143,"y":-0.05771154165267944,"z":0.004404488019645214,"w":0.9955919981002808},"size":15.024079322814942,"orthographic":false}