{"cameraMode":{"drawMode":0,"name":"Shaded","section":"Shading Mode"},"sceneLighting":true,"audioPlay":false,"sceneViewState":{"showFog":true,"showMaterialUpdate":true,"showSkybox":true,"showFlares":true,"showImageEffects":true,"showParticleSystems":true},"in2DMode":false,"pivot":{"x":-0.7112866044044495,"y":-0.7300471067428589,"z":19.815980911254884},"rotation":{"x":0.04078517481684685,"y":-0.02190583571791649,"z":0.001647263066843152,"w":0.9990652799606323},"size":29.45661163330078,"orthographic":false}