{"cameraMode":{"drawMode":0,"name":"Shaded","section":"Shading Mode"},"sceneLighting":true,"audioPlay":false,"sceneViewState":{"showFog":true,"showMaterialUpdate":true,"showSkybox":true,"showFlares":true,"showImageEffects":true,"showParticleSystems":true},"in2DMode":false,"pivot":{"x":4.139401912689209,"y":1.8990225791931153,"z":-3.6203694343566896},"rotation":{"x":0.18039214611053468,"y":-0.1788921356201172,"z":0.03338522091507912,"w":0.9666141867637634},"size":5.228986740112305,"orthographic":false}