{"cameraMode":{"drawMode":0,"name":"Shaded","section":"Shading Mode"},"sceneLighting":false,"audioPlay":false,"sceneViewState":{"showFog":true,"showMaterialUpdate":true,"showSkybox":false,"showFlares":true,"showImageEffects":true,"showParticleSystems":true},"in2DMode":false,"pivot":{"x":-6.207915306091309,"y":0.9738225936889648,"z":-11.437494277954102},"rotation":{"x":-0.11593183130025864,"y":-0.7134052515029907,"z":0.12183995544910431,"w":-0.6808429956436157},"size":2.212357521057129,"orthographic":false}