{"cameraMode":{"drawMode":0,"name":"Shaded","section":"Shading Mode"},"sceneLighting":true,"audioPlay":false,"sceneViewState":{"showFog":true,"showMaterialUpdate":true,"showSkybox":true,"showFlares":true,"showImageEffects":true,"showParticleSystems":true},"in2DMode":false,"pivot":{"x":-26.748062133789064,"y":-5.994582653045654,"z":-73.19967651367188},"rotation":{"x":0.007870393805205822,"y":-0.989386796951294,"z":0.05736831948161125,"w":0.13588856160640717},"size":33.889068603515628,"orthographic":false}