{"cameraMode":{"drawMode":0,"name":"Shaded","section":"Shading Mode"},"sceneLighting":false,"audioPlay":false,"sceneViewState":{"showFog":true,"showMaterialUpdate":true,"showSkybox":false,"showFlares":true,"showImageEffects":true,"showParticleSystems":true},"in2DMode":false,"pivot":{"x":6.714720249176025,"y":-0.7344417572021484,"z":-45.76498031616211},"rotation":{"x":-0.07096859067678452,"y":0.6212783455848694,"z":-0.05668731778860092,"w":-0.7788386940956116},"size":0.824992835521698,"orthographic":false}