{"cameraMode":{"drawMode":0,"name":"Shaded","section":"Shading Mode"},"sceneLighting":false,"audioPlay":false,"sceneViewState":{"showFog":true,"showMaterialUpdate":true,"showSkybox":false,"showFlares":true,"showImageEffects":true,"showParticleSystems":true},"in2DMode":false,"pivot":{"x":2.694448471069336,"y":0.8363637924194336,"z":-5.209477424621582},"rotation":{"x":-0.15325705707073213,"y":-0.027568748220801355,"z":0.004070083610713482,"w":-0.9878566861152649},"size":13.388213157653809,"orthographic":false}