{"cameraMode":{"drawMode":0,"name":"Shaded","section":"Shading Mode"},"sceneLighting":true,"audioPlay":false,"sceneViewState":{"showFog":true,"showMaterialUpdate":true,"showSkybox":true,"showFlares":true,"showImageEffects":true,"showParticleSystems":true},"in2DMode":false,"pivot":{"x":2.0242152214050295,"y":-3.833686113357544,"z":-0.7682342529296875},"rotation":{"x":0.34640932083129885,"y":-0.052328456193208697,"z":0.019356226548552514,"w":0.9364446997642517},"size":24.27297592163086,"orthographic":false}