{"cameraMode":{"drawMode":0,"name":"Shaded","section":"Shading Mode"},"sceneLighting":true,"audioPlay":false,"sceneViewState":{"showFog":true,"showMaterialUpdate":true,"showSkybox":true,"showFlares":true,"showImageEffects":true,"showParticleSystems":true},"in2DMode":false,"pivot":{"x":0.3468799591064453,"y":4.343767166137695,"z":2.325564384460449},"rotation":{"x":-0.05109972134232521,"y":0.504777193069458,"z":-0.03024199977517128,"w":-0.8612865209579468},"size":14.024827003479004,"orthographic":false}