{"cameraMode":{"drawMode":0,"name":"Shaded","section":"Shading Mode"},"sceneLighting":false,"audioPlay":false,"sceneViewState":{"showFog":true,"showMaterialUpdate":true,"showSkybox":false,"showFlares":true,"showImageEffects":true,"showParticleSystems":true},"in2DMode":false,"pivot":{"x":0.17521198093891145,"y":2.1230220794677736,"z":5.671379566192627},"rotation":{"x":-0.02009556069970131,"y":0.02249355986714363,"z":0.0004522244562394917,"w":0.9995449781417847},"size":6.275870323181152,"orthographic":false}