{"cameraMode":{"drawMode":0,"name":"Shaded","section":"Shading Mode"},"sceneLighting":false,"audioPlay":false,"sceneViewState":{"showFog":true,"showMaterialUpdate":true,"showSkybox":false,"showFlares":true,"showImageEffects":true,"showParticleSystems":true},"in2DMode":false,"pivot":{"x":10.08580207824707,"y":0.1461048126220703,"z":-8.883682250976563},"rotation":{"x":-0.09372829645872116,"y":-0.7019665241241455,"z":0.09369156509637833,"w":-0.6998624205589294},"size":15.062919616699219,"orthographic":false}