{"cameraMode":{"drawMode":0,"name":"Shaded","section":"Shading Mode"},"sceneLighting":true,"audioPlay":false,"sceneViewState":{"showFog":true,"showMaterialUpdate":true,"showSkybox":true,"showFlares":true,"showImageEffects":true,"showParticleSystems":true},"in2DMode":false,"pivot":{"x":3.035623073577881,"y":-2.029043197631836,"z":8.313596725463868},"rotation":{"x":-0.0073953475803136829,"y":-0.99098140001297,"z":0.11746672540903092,"w":-0.07045672833919525},"size":6.947834014892578,"orthographic":false}