{"cameraMode":{"drawMode":0,"name":"Shaded","section":"Shading Mode"},"sceneLighting":true,"audioPlay":false,"sceneViewState":{"showFog":true,"showMaterialUpdate":true,"showSkybox":true,"showFlares":true,"showImageEffects":true,"showParticleSystems":true},"in2DMode":false,"pivot":{"x":1.5066936016082764,"y":0.654665470123291,"z":2.450881004333496},"rotation":{"x":-0.11573197692632675,"y":0.08244985342025757,"z":-0.009900597855448723,"w":-0.9898782968521118},"size":23.208681106567384,"orthographic":false}