{"cameraMode":{"drawMode":0,"name":"Shaded","section":"Shading Mode"},"sceneLighting":true,"audioPlay":false,"sceneViewState":{"showFog":true,"showMaterialUpdate":true,"showSkybox":true,"showFlares":true,"showImageEffects":true,"showParticleSystems":true},"in2DMode":false,"pivot":{"x":4.4337568283081059,"y":-1.882542610168457,"z":-0.677424430847168},"rotation":{"x":0.22735095024108888,"y":0.32485923171043398,"z":-0.0798293948173523,"w":0.9147077202796936},"size":30.447349548339845,"orthographic":false}