{"cameraMode":{"drawMode":0,"name":"Shaded","section":"Shading Mode"},"sceneLighting":false,"audioPlay":false,"sceneViewState":{"showFog":true,"showMaterialUpdate":true,"showSkybox":false,"showFlares":true,"showImageEffects":true,"showParticleSystems":true},"in2DMode":false,"pivot":{"x":-7.682531833648682,"y":1.460785150527954,"z":-12.936653137207032},"rotation":{"x":-0.09817753732204437,"y":-0.6651222705841065,"z":0.08909771591424942,"w":-0.7354007959365845},"size":0.7876424193382263,"orthographic":false}