{"cameraMode":{"drawMode":0,"name":"Shaded","section":"Shading Mode"},"sceneLighting":false,"audioPlay":false,"sceneViewState":{"showFog":true,"showMaterialUpdate":true,"showSkybox":false,"showFlares":true,"showImageEffects":true,"showParticleSystems":true},"in2DMode":false,"pivot":{"x":-1.539886474609375,"y":0.8150947690010071,"z":16.364376068115236},"rotation":{"x":0.006586101837456226,"y":-0.8098887205123901,"z":0.007481283042579889,"w":0.5872595310211182},"size":2.6185081005096437,"orthographic":false}