{"cameraMode":{"drawMode":0,"name":"Shaded","section":"Shading Mode"},"sceneLighting":true,"audioPlay":false,"sceneViewState":{"showFog":true,"showMaterialUpdate":true,"showSkybox":true,"showFlares":true,"showImageEffects":true,"showParticleSystems":true},"in2DMode":false,"pivot":{"x":1.370786190032959,"y":1.616077184677124,"z":8.703197479248047},"rotation":{"x":-0.054281968623399737,"y":0.014989408664405346,"z":-0.0013799136504530907,"w":-0.9985315203666687},"size":32.27256774902344,"orthographic":false}