{"cameraMode":{"drawMode":0,"name":"Shaded","section":"Shading Mode"},"sceneLighting":true,"audioPlay":false,"sceneViewState":{"showFog":true,"showMaterialUpdate":true,"showSkybox":true,"showFlares":true,"showImageEffects":true,"showParticleSystems":true},"in2DMode":false,"pivot":{"x":2.8569235801696779,"y":1.263830304145813,"z":-0.19086551666259767},"rotation":{"x":0.18152795732021333,"y":-0.2415011078119278,"z":0.04614544287323952,"w":0.9521824717521668},"size":8.218306541442871,"orthographic":false}