{"cameraMode":{"drawMode":0,"name":"Shaded","section":"Shading Mode"},"sceneLighting":true,"audioPlay":false,"sceneViewState":{"showFog":true,"showMaterialUpdate":true,"showSkybox":true,"showFlares":true,"showImageEffects":true,"showParticleSystems":true},"in2DMode":false,"pivot":{"x":3.748626708984375,"y":-4.575603008270264,"z":9.353721618652344},"rotation":{"x":0.14619196951389314,"y":0.0954737439751625,"z":-0.013426447287201882,"w":0.9846886396408081},"size":33.22392272949219,"orthographic":false}