{"cameraMode":{"drawMode":0,"name":"Shaded","section":"Shading Mode"},"sceneLighting":true,"audioPlay":false,"sceneViewState":{"showFog":true,"showMaterialUpdate":true,"showSkybox":true,"showFlares":true,"showImageEffects":true,"showParticleSystems":true},"in2DMode":false,"pivot":{"x":1.9157848358154297,"y":2.6104230880737306,"z":-11.72721004486084},"rotation":{"x":-0.16048361361026765,"y":0.11369288712739945,"z":-0.019185226410627366,"w":-0.9804092645645142},"size":9.295390129089356,"orthographic":false}