{"cameraMode":{"drawMode":0,"name":"Shaded","section":"Shading Mode"},"sceneLighting":false,"audioPlay":false,"sceneViewState":{"showFog":true,"showMaterialUpdate":true,"showSkybox":false,"showFlares":true,"showImageEffects":true,"showParticleSystems":true},"in2DMode":false,"pivot":{"x":-9.245721817016602,"y":1.904479742050171,"z":-14.902730941772461},"rotation":{"x":-0.18464186787605287,"y":0.27050504088401797,"z":-0.051948413252830508,"w":-0.9438848495483398},"size":1.7784639596939088,"orthographic":false}