{"cameraMode":{"drawMode":0,"name":"Shaded","section":"Shading Mode"},"sceneLighting":true,"audioPlay":false,"sceneViewState":{"showFog":true,"showMaterialUpdate":true,"showSkybox":true,"showFlares":true,"showImageEffects":true,"showParticleSystems":true},"in2DMode":false,"pivot":{"x":3.0823581218719484,"y":1.562690258026123,"z":-0.4397101402282715},"rotation":{"x":0.2478645145893097,"y":-0.14753329753875733,"z":0.038221944123506549,"w":0.9567338824272156},"size":11.273818969726563,"orthographic":false}