{"cameraMode":{"drawMode":0,"name":"Shaded","section":"Shading Mode"},"sceneLighting":true,"audioPlay":false,"sceneViewState":{"showFog":true,"showMaterialUpdate":true,"showSkybox":true,"showFlares":true,"showImageEffects":true,"showParticleSystems":true},"in2DMode":false,"pivot":{"x":-10.412090301513672,"y":1.892130732536316,"z":7.592581748962402},"rotation":{"x":-0.13486972451210023,"y":0.023752441629767419,"z":-0.0037791093345731498,"w":-0.9906995296478272},"size":11.698470115661621,"orthographic":false}