{"cameraMode":{"drawMode":0,"name":"Shaded","section":"Shading Mode"},"sceneLighting":false,"audioPlay":false,"sceneViewState":{"showFog":true,"showMaterialUpdate":true,"showSkybox":false,"showFlares":true,"showImageEffects":true,"showParticleSystems":true},"in2DMode":false,"pivot":{"x":-11.156696319580079,"y":1.029550313949585,"z":-13.576953887939454},"rotation":{"x":-0.11670846492052078,"y":-0.32899975776672366,"z":0.040834009647369388,"w":-0.9365862607955933},"size":0.9932942986488342,"orthographic":false}