{"cameraMode":{"drawMode":0,"name":"Shaded","section":"Shading Mode"},"sceneLighting":false,"audioPlay":false,"sceneViewState":{"showFog":true,"showMaterialUpdate":true,"showSkybox":false,"showFlares":true,"showImageEffects":true,"showParticleSystems":true},"in2DMode":false,"pivot":{"x":-11.833076477050782,"y":1.1464588642120362,"z":-14.466255187988282},"rotation":{"x":-0.05915061756968498,"y":0.7358184456825256,"z":-0.06493456661701203,"w":-0.6719982028007507},"size":1.1409990787506104,"orthographic":false}