{"cameraMode":{"drawMode":0,"name":"Shaded","section":"Shading Mode"},"sceneLighting":false,"audioPlay":false,"sceneViewState":{"showFog":true,"showMaterialUpdate":true,"showSkybox":false,"showFlares":true,"showImageEffects":true,"showParticleSystems":true},"in2DMode":false,"pivot":{"x":-1.5233180522918702,"y":2.5253384113311769,"z":5.0561323165893559},"rotation":{"x":0.18147723376750947,"y":-0.7783535718917847,"z":0.26087686419487,"w":0.5414568781852722},"size":7.820593357086182,"orthographic":false}