{"cameraMode":{"drawMode":0,"name":"Shaded","section":"Shading Mode"},"sceneLighting":true,"audioPlay":false,"sceneViewState":{"showFog":true,"showMaterialUpdate":true,"showSkybox":true,"showFlares":true,"showImageEffects":true,"showParticleSystems":true},"in2DMode":false,"pivot":{"x":-9.297687530517579,"y":-1.1740140914916993,"z":-24.914142608642579},"rotation":{"x":-0.011209731921553612,"y":0.9740944504737854,"z":-0.22234226763248444,"w":-0.048432573676109317},"size":10.378369331359864,"orthographic":false}