{"cameraMode":{"drawMode":0,"name":"Shaded","section":"Shading Mode"},"sceneLighting":false,"audioPlay":false,"sceneViewState":{"showFog":true,"showMaterialUpdate":true,"showSkybox":false,"showFlares":true,"showImageEffects":true,"showParticleSystems":true},"in2DMode":false,"pivot":{"x":0.47876307368278506,"y":0.13071876764297486,"z":1.6628718376159669},"rotation":{"x":0.04438598081469536,"y":-0.017698446288704873,"z":0.0009359467658214271,"w":0.9989030957221985},"size":7.9341583251953129,"orthographic":false}