{"cameraMode":{"drawMode":0,"name":"Shaded","section":"Shading Mode"},"sceneLighting":false,"audioPlay":false,"sceneViewState":{"showFog":true,"showMaterialUpdate":true,"showSkybox":false,"showFlares":true,"showImageEffects":true,"showParticleSystems":true},"in2DMode":false,"pivot":{"x":-0.3772628605365753,"y":3.349581718444824,"z":25.683998107910158},"rotation":{"x":0.001069618621841073,"y":-0.9922055602073669,"z":0.1281212419271469,"w":0.0014687336515635253},"size":5.147391319274902,"orthographic":false}