{"cameraMode":{"drawMode":0,"name":"Shaded","section":"Shading Mode"},"sceneLighting":true,"audioPlay":false,"sceneViewState":{"showFog":true,"showMaterialUpdate":true,"showSkybox":true,"showFlares":true,"showImageEffects":true,"showParticleSystems":true},"in2DMode":false,"pivot":{"x":2.324007272720337,"y":-0.9829139113426209,"z":54.65922546386719},"rotation":{"x":0.03278670459985733,"y":-0.9637717008590698,"z":0.13460798561573029,"w":0.23015668988227845},"size":7.104812145233154,"orthographic":false}