{"cameraMode":{"drawMode":0,"name":"Shaded","section":"Shading Mode"},"sceneLighting":true,"audioPlay":false,"sceneViewState":{"showFog":true,"showMaterialUpdate":true,"showSkybox":true,"showFlares":true,"showImageEffects":true,"showParticleSystems":true},"in2DMode":false,"pivot":{"x":3.562133312225342,"y":-21.780561447143556,"z":-42.240440368652347},"rotation":{"x":0.0026348696555942299,"y":0.9893816113471985,"z":-0.1474299430847168,"w":0.0197373665869236},"size":48.76069259643555,"orthographic":false}