{"cameraMode":{"drawMode":0,"name":"Shaded","section":"Shading Mode"},"sceneLighting":true,"audioPlay":false,"sceneViewState":{"showFog":true,"showMaterialUpdate":true,"showSkybox":true,"showFlares":true,"showImageEffects":true,"showParticleSystems":true},"in2DMode":false,"pivot":{"x":0.04995405301451683,"y":5.705977439880371,"z":-6.298148155212402},"rotation":{"x":0.10726279765367508,"y":-0.009910053573548794,"z":0.0009820425184443594,"w":0.9947043061256409},"size":0.35727113485336306,"orthographic":false}