{"cameraMode":{"drawMode":0,"name":"Shaded","section":"Shading Mode"},"sceneLighting":false,"audioPlay":false,"sceneViewState":{"showFog":true,"showMaterialUpdate":true,"showSkybox":false,"showFlares":true,"showImageEffects":true,"showParticleSystems":true},"in2DMode":false,"pivot":{"x":-7.717537879943848,"y":0.26600414514541628,"z":5.024462699890137},"rotation":{"x":-0.0006521875620819628,"y":1.0000441074371338,"z":-0.02642679587006569,"w":0.0019599865190684797},"size":2.0847363471984865,"orthographic":false}