{"cameraMode":{"drawMode":0,"name":"Shaded","section":"Shading Mode"},"sceneLighting":true,"audioPlay":false,"sceneViewState":{"showFog":true,"showMaterialUpdate":true,"showSkybox":true,"showFlares":true,"showImageEffects":true,"showParticleSystems":true},"in2DMode":false,"pivot":{"x":37.277183532714847,"y":6.503421783447266,"z":23.799636840820314},"rotation":{"x":-0.05996409058570862,"y":0.8855095505714417,"z":-0.11826416850090027,"w":-0.4464896619319916},"size":2.300041675567627,"orthographic":false}