{"cameraMode":{"drawMode":0,"name":"Shaded","section":"Shading Mode"},"sceneLighting":true,"audioPlay":false,"sceneViewState":{"showFog":true,"showMaterialUpdate":true,"showSkybox":true,"showFlares":true,"showImageEffects":true,"showParticleSystems":true},"in2DMode":false,"pivot":{"x":7.3177337646484379,"y":2.288937568664551,"z":2.5089683532714845},"rotation":{"x":0.0036990961525589229,"y":0.9890581369400024,"z":-0.14889422059059144,"w":0.024987634271383287},"size":26.647342681884767,"orthographic":false}