{"cameraMode":{"drawMode":0,"name":"Shaded","section":"Shading Mode"},"sceneLighting":false,"audioPlay":false,"sceneViewState":{"showFog":true,"showMaterialUpdate":true,"showSkybox":false,"showFlares":true,"showImageEffects":true,"showParticleSystems":true},"in2DMode":false,"pivot":{"x":-1.4446401596069337,"y":-5.902633190155029,"z":2.392183780670166},"rotation":{"x":-0.08566895127296448,"y":0.7105843424797058,"z":-0.08783326297998429,"w":-0.6928961873054504},"size":13.475406646728516,"orthographic":false}