{"cameraMode":{"drawMode":0,"name":"Shaded","section":"Shading Mode"},"sceneLighting":true,"audioPlay":false,"sceneViewState":{"showFog":true,"showMaterialUpdate":true,"showSkybox":true,"showFlares":true,"showImageEffects":true,"showParticleSystems":true},"in2DMode":false,"pivot":{"x":3.534181594848633,"y":-9.245022773742676,"z":-1.2817497253417969},"rotation":{"x":-0.05729187652468681,"y":0.9335792064666748,"z":-0.1706632375717163,"w":-0.3114912509918213},"size":21.805429458618165,"orthographic":false}