{"cameraMode":{"drawMode":0,"name":"Shaded","section":"Shading Mode"},"sceneLighting":true,"audioPlay":false,"sceneViewState":{"showFog":true,"showMaterialUpdate":true,"showSkybox":true,"showFlares":true,"showImageEffects":true,"showParticleSystems":true},"in2DMode":false,"pivot":{"x":1.535388469696045,"y":-4.211252212524414,"z":9.807893753051758},"rotation":{"x":-0.18453846871852876,"y":0.08386363089084625,"z":-0.016385585069656373,"w":-0.9792300462722778},"size":33.211238861083987,"orthographic":false}