{"cameraMode":{"drawMode":0,"name":"Shaded","section":"Shading Mode"},"sceneLighting":true,"audioPlay":false,"sceneViewState":{"showFog":true,"showMaterialUpdate":true,"showSkybox":true,"showFlares":true,"showImageEffects":true,"showParticleSystems":true},"in2DMode":false,"pivot":{"x":1.5752028226852418,"y":4.040302276611328,"z":-11.22868824005127},"rotation":{"x":0.11526526510715485,"y":0.0753336027264595,"z":-0.008385811932384968,"w":0.9905424118041992},"size":8.633374214172364,"orthographic":false}