{"cameraMode":{"drawMode":0,"name":"Shaded","section":"Shading Mode"},"sceneLighting":true,"audioPlay":false,"sceneViewState":{"showFog":true,"showMaterialUpdate":true,"showSkybox":true,"showFlares":true,"showImageEffects":true,"showParticleSystems":true},"in2DMode":false,"pivot":{"x":4.275646686553955,"y":-0.1343315839767456,"z":-6.731133937835693},"rotation":{"x":0.009360103867948056,"y":0.9891843199729919,"z":-0.07283728569746018,"w":0.12710607051849366},"size":13.252738952636719,"orthographic":false}