{"cameraMode":{"drawMode":0,"name":"Shaded","section":"Shading Mode"},"sceneLighting":true,"audioPlay":false,"sceneViewState":{"showFog":true,"showMaterialUpdate":true,"showSkybox":true,"showFlares":true,"showImageEffects":true,"showParticleSystems":true},"in2DMode":false,"pivot":{"x":-0.7218008041381836,"y":3.0103554725646974,"z":-12.232721328735352},"rotation":{"x":-0.1733608841896057,"y":0.08466241508722305,"z":-0.015280192717909813,"w":-0.9811824560165405},"size":8.840839385986329,"orthographic":false}