{"cameraMode":{"drawMode":0,"name":"Shaded","section":"Shading Mode"},"sceneLighting":true,"audioPlay":false,"sceneViewState":{"showFog":true,"showMaterialUpdate":true,"showSkybox":true,"showFlares":true,"showImageEffects":true,"showParticleSystems":true},"in2DMode":false,"pivot":{"x":2.3850550651550295,"y":1.6413521766662598,"z":-8.952183723449707},"rotation":{"x":-0.20596425235271455,"y":-0.33679717779159548,"z":0.07461555302143097,"w":-0.9159079194068909},"size":27.114648818969728,"orthographic":false}