{"cameraMode":{"drawMode":0,"name":"Shaded","section":"Shading Mode"},"sceneLighting":true,"audioPlay":false,"sceneViewState":{"showFog":true,"showMaterialUpdate":true,"showSkybox":true,"showFlares":true,"showImageEffects":true,"showParticleSystems":true},"in2DMode":false,"pivot":{"x":-1.8356928825378419,"y":1.6936078071594239,"z":6.191370964050293},"rotation":{"x":-0.048346180468797687,"y":0.14395375549793244,"z":-0.007293487433344126,"w":-0.9884508848190308},"size":27.0194034576416,"orthographic":false}