{"cameraMode":{"drawMode":0,"name":"Shaded","section":"Shading Mode"},"sceneLighting":false,"audioPlay":false,"sceneViewState":{"showFog":true,"showMaterialUpdate":true,"showSkybox":false,"showFlares":true,"showImageEffects":true,"showParticleSystems":true},"in2DMode":false,"pivot":{"x":210.86045837402345,"y":8.874345779418946,"z":166.93678283691407},"rotation":{"x":-0.10214493423700333,"y":0.005659245420247316,"z":-0.0009704985423013568,"w":-0.9948621988296509},"size":4.560830593109131,"orthographic":false}