{"cameraMode":{"drawMode":0,"name":"Shaded","section":"Shading Mode"},"sceneLighting":true,"audioPlay":false,"sceneViewState":{"showFog":true,"showMaterialUpdate":true,"showSkybox":true,"showFlares":true,"showImageEffects":true,"showParticleSystems":true},"in2DMode":false,"pivot":{"x":0.009630247950553894,"y":6.849061489105225,"z":-54.277381896972659},"rotation":{"x":-0.07884557545185089,"y":-0.024124935269355775,"z":0.00214320863597095,"w":-0.9970866441726685},"size":2.388774871826172,"orthographic":false}