{"cameraMode":{"drawMode":0,"name":"Shaded","section":"Shading Mode"},"sceneLighting":false,"audioPlay":false,"sceneViewState":{"showFog":true,"showMaterialUpdate":true,"showSkybox":false,"showFlares":true,"showImageEffects":true,"showParticleSystems":true},"in2DMode":false,"pivot":{"x":3.044534206390381,"y":1.3415780067443848,"z":-23.730850219726564},"rotation":{"x":-0.0045466008596122269,"y":-0.993766188621521,"z":0.10412631928920746,"w":-0.04116790369153023},"size":9.85230541229248,"orthographic":false}