{"cameraMode":{"drawMode":0,"name":"Shaded","section":"Shading Mode"},"sceneLighting":true,"audioPlay":false,"sceneViewState":{"showFog":true,"showMaterialUpdate":true,"showSkybox":true,"showFlares":true,"showImageEffects":true,"showParticleSystems":true},"in2DMode":false,"pivot":{"x":0.31275272369384768,"y":-2.217778205871582,"z":-10.720744132995606},"rotation":{"x":0.13344785571098329,"y":0.7777792811393738,"z":-0.17625564336776734,"w":0.5884387493133545},"size":17.94384765625,"orthographic":false}