{"cameraMode":{"drawMode":0,"name":"Shaded","section":"Shading Mode"},"sceneLighting":false,"audioPlay":false,"sceneViewState":{"showFog":true,"showMaterialUpdate":true,"showSkybox":false,"showFlares":true,"showImageEffects":true,"showParticleSystems":true},"in2DMode":false,"pivot":{"x":-11.729828834533692,"y":0.9700940847396851,"z":-14.147431373596192},"rotation":{"x":-0.14648208022117616,"y":-0.22595004737377168,"z":0.03407702222466469,"w":-0.962796688079834},"size":0.17747041583061219,"orthographic":false}