{"cameraMode":{"drawMode":0,"name":"Shaded","section":"Shading Mode"},"sceneLighting":false,"audioPlay":false,"sceneViewState":{"showFog":true,"showMaterialUpdate":true,"showSkybox":false,"showFlares":true,"showImageEffects":true,"showParticleSystems":true},"in2DMode":false,"pivot":{"x":-23.653209686279298,"y":-6.174849510192871,"z":12.638428688049317},"rotation":{"x":0.10887625813484192,"y":-0.5701236128807068,"z":0.07656814157962799,"w":0.8107086420059204},"size":37.89998245239258,"orthographic":false}