{"cameraMode":{"drawMode":0,"name":"Shaded","section":"Shading Mode"},"sceneLighting":true,"audioPlay":false,"sceneViewState":{"showFog":true,"showMaterialUpdate":true,"showSkybox":true,"showFlares":true,"showImageEffects":true,"showParticleSystems":true},"in2DMode":false,"pivot":{"x":-27.12303924560547,"y":-90.83872985839844,"z":-294.39666748046877},"rotation":{"x":-0.009448644705116749,"y":0.9869817495346069,"z":-0.15308475494384767,"w":-0.056382324546575549},"size":183.2605743408203,"orthographic":false}