{"cameraMode":{"drawMode":0,"name":"Shaded","section":"Shading Mode"},"sceneLighting":false,"audioPlay":false,"sceneViewState":{"showFog":true,"showMaterialUpdate":true,"showSkybox":false,"showFlares":true,"showImageEffects":true,"showParticleSystems":true},"in2DMode":false,"pivot":{"x":-21.52393341064453,"y":4.157502174377441,"z":-1.227576732635498},"rotation":{"x":-0.018412068486213685,"y":-0.7758805155754089,"z":-0.022519612684845926,"w":0.6302489042282105},"size":13.050487518310547,"orthographic":false}