{"cameraMode":{"drawMode":0,"name":"Shaded","section":"Shading Mode"},"sceneLighting":false,"audioPlay":false,"sceneViewState":{"showFog":true,"showMaterialUpdate":true,"showSkybox":false,"showFlares":true,"showImageEffects":true,"showParticleSystems":true},"in2DMode":false,"pivot":{"x":-2.226999044418335,"y":0.7916572690010071,"z":2.508669376373291},"rotation":{"x":-0.02127678506076336,"y":0.9222683310508728,"z":-0.05122992396354675,"w":-0.3826615810394287},"size":2.76301646232605,"orthographic":false}