{"cameraMode":{"drawMode":0,"name":"Shaded","section":"Shading Mode"},"sceneLighting":true,"audioPlay":false,"sceneViewState":{"showFog":true,"showMaterialUpdate":true,"showSkybox":true,"showFlares":true,"showImageEffects":true,"showParticleSystems":true},"in2DMode":false,"pivot":{"x":4.176448345184326,"y":-0.22426700592041017,"z":12.102035522460938},"rotation":{"x":-0.01716269738972187,"y":0.978388786315918,"z":-0.18957553803920747,"w":-0.08700278401374817},"size":19.934215545654298,"orthographic":false}