{"cameraMode":{"drawMode":0,"name":"Shaded","section":"Shading Mode"},"sceneLighting":false,"audioPlay":false,"sceneViewState":{"showFog":true,"showMaterialUpdate":true,"showSkybox":false,"showFlares":true,"showImageEffects":true,"showParticleSystems":true},"in2DMode":false,"pivot":{"x":51.59000015258789,"y":2.8033876419067385,"z":128.9600067138672},"rotation":{"x":-0.07877138257026673,"y":0.5501253008842468,"z":-0.053649455308914188,"w":-0.8299511671066284},"size":1.8736071586608887,"orthographic":false}