{"cameraMode":{"drawMode":0,"name":"Shaded","section":"Shading Mode"},"sceneLighting":false,"audioPlay":false,"sceneViewState":{"showFog":true,"showMaterialUpdate":true,"showSkybox":false,"showFlares":true,"showImageEffects":true,"showParticleSystems":true},"in2DMode":false,"pivot":{"x":-1.542449712753296,"y":3.40006160736084,"z":-5.626590728759766},"rotation":{"x":0.0050486004911363129,"y":-0.9959976673126221,"z":0.053184933960437778,"w":0.07757336646318436},"size":10.654108047485352,"orthographic":false}