{"cameraMode":{"drawMode":0,"name":"Shaded","section":"Shading Mode"},"sceneLighting":false,"audioPlay":false,"sceneViewState":{"showFog":true,"showMaterialUpdate":true,"showSkybox":false,"showFlares":true,"showImageEffects":true,"showParticleSystems":true},"in2DMode":false,"pivot":{"x":-11.164916038513184,"y":1.035584568977356,"z":-14.312881469726563},"rotation":{"x":-0.12988531589508058,"y":-0.135934516787529,"z":0.01766982488334179,"w":-0.9823381304740906},"size":0.05303335189819336,"orthographic":false}