{"cameraMode":{"drawMode":0,"name":"Shaded","section":"Shading Mode"},"sceneLighting":true,"audioPlay":false,"sceneViewState":{"showFog":true,"showMaterialUpdate":true,"showSkybox":false,"showFlares":true,"showImageEffects":true,"showParticleSystems":true},"in2DMode":false,"pivot":{"x":-0.4687185287475586,"y":-1.099757194519043,"z":-4.465755939483643},"rotation":{"x":0.20872434973716737,"y":0.2275926172733307,"z":-0.0500074103474617,"w":0.9498316049575806},"size":8.469917297363282,"orthographic":false}