{"cameraMode":{"drawMode":0,"name":"Shaded","section":"Shading Mode"},"sceneLighting":false,"audioPlay":false,"sceneViewState":{"showFog":true,"showMaterialUpdate":true,"showSkybox":false,"showFlares":true,"showImageEffects":true,"showParticleSystems":true},"in2DMode":false,"pivot":{"x":-8.11622428894043,"y":0.0843806266784668,"z":-8.388354301452637},"rotation":{"x":0.06139307841658592,"y":-0.7074375152587891,"z":0.060720596462488177,"w":0.7020463943481445},"size":2.6859142780303957,"orthographic":false}