{"cameraMode":{"drawMode":0,"name":"Shaded","section":"Shading Mode"},"sceneLighting":false,"audioPlay":false,"sceneViewState":{"showFog":true,"showMaterialUpdate":true,"showSkybox":false,"showFlares":true,"showImageEffects":true,"showParticleSystems":true},"in2DMode":false,"pivot":{"x":-0.6435011029243469,"y":-0.11686396598815918,"z":1.7001301050186158},"rotation":{"x":0.21878185868263246,"y":0.1641795039176941,"z":-0.037356287240982059,"w":0.9611514806747437},"size":5.786302089691162,"orthographic":false}