{"cameraMode":{"drawMode":0,"name":"Shaded","section":"Shading Mode"},"sceneLighting":true,"audioPlay":false,"sceneViewState":{"showFog":true,"showMaterialUpdate":true,"showSkybox":true,"showFlares":true,"showImageEffects":true,"showParticleSystems":true},"in2DMode":false,"pivot":{"x":-10.729680061340332,"y":-3.122692108154297,"z":15.947303771972657},"rotation":{"x":-0.1692606657743454,"y":0.3329593539237976,"z":-0.061039745807647708,"w":-0.9256603121757507},"size":26.323196411132814,"orthographic":false}