{"cameraMode":{"drawMode":0,"name":"Shaded","section":"Shading Mode"},"sceneLighting":true,"audioPlay":false,"sceneViewState":{"showFog":true,"showMaterialUpdate":true,"showSkybox":true,"showFlares":true,"showImageEffects":true,"showParticleSystems":true},"in2DMode":false,"pivot":{"x":2.2537574768066408,"y":2.425787925720215,"z":-11.932186126708985},"rotation":{"x":-0.2119246870279312,"y":0.2671596109867096,"z":-0.060960303992033008,"w":-0.9382144212722778},"size":8.633374214172364,"orthographic":false}