{"cameraMode":{"drawMode":0,"name":"Shaded","section":"Shading Mode"},"sceneLighting":true,"audioPlay":false,"sceneViewState":{"showFog":true,"showMaterialUpdate":true,"showSkybox":false,"showFlares":true,"showImageEffects":true,"showParticleSystems":true},"in2DMode":false,"pivot":{"x":-0.43303656578063967,"y":0.36697766184806826,"z":-5.273434162139893},"rotation":{"x":0.03904622420668602,"y":0.11334851384162903,"z":-0.004456763621419668,"w":0.9927994012832642},"size":6.173501014709473,"orthographic":false}