{"cameraMode":{"drawMode":0,"name":"Shaded","section":"Shading Mode"},"sceneLighting":false,"audioPlay":false,"sceneViewState":{"showFog":true,"showMaterialUpdate":true,"showSkybox":false,"showFlares":true,"showImageEffects":true,"showParticleSystems":true},"in2DMode":false,"pivot":{"x":1.9170693159103394,"y":0.37815189361572268,"z":-6.3284711837768559},"rotation":{"x":-0.1710156500339508,"y":0.024228792637586595,"z":-0.004434827249497175,"w":-0.985019862651825},"size":13.408510208129883,"orthographic":false}