{"cameraMode":{"drawMode":0,"name":"Shaded","section":"Shading Mode"},"sceneLighting":false,"audioPlay":false,"sceneViewState":{"showFog":true,"showMaterialUpdate":true,"showSkybox":true,"showFlares":true,"showImageEffects":true,"showParticleSystems":true},"in2DMode":false,"pivot":{"x":32.72808837890625,"y":-88.00688934326172,"z":165.68980407714845},"rotation":{"x":0.3035008907318115,"y":0.10973232239484787,"z":-0.03521156683564186,"w":0.9458418488502502},"size":244.7666015625,"orthographic":false}