{"cameraMode":{"drawMode":0,"name":"Shaded","section":"Shading Mode"},"sceneLighting":false,"audioPlay":false,"sceneViewState":{"showFog":true,"showMaterialUpdate":true,"showSkybox":false,"showFlares":true,"showImageEffects":true,"showParticleSystems":true},"in2DMode":false,"pivot":{"x":-12.923859596252442,"y":0.9993609189987183,"z":-13.878046989440918},"rotation":{"x":-0.0643872320652008,"y":0.5956420302391052,"z":-0.04808420315384865,"w":-0.7996734380722046},"size":0.9932942986488342,"orthographic":false}