{"cameraMode":{"drawMode":0,"name":"Shaded","section":"Shading Mode"},"sceneLighting":true,"audioPlay":false,"sceneViewState":{"showFog":true,"showMaterialUpdate":true,"showSkybox":true,"showFlares":true,"showImageEffects":true,"showParticleSystems":true},"in2DMode":false,"pivot":{"x":-0.8336433172225952,"y":3.53554368019104,"z":-6.681203842163086},"rotation":{"x":0.1396617740392685,"y":0.06441854685544968,"z":-0.00902273878455162,"w":0.9880978465080261},"size":9.878824234008789,"orthographic":false}