{"cameraMode":{"drawMode":0,"name":"Shaded","section":"Shading Mode"},"sceneLighting":false,"audioPlay":false,"sceneViewState":{"showFog":true,"showMaterialUpdate":true,"showSkybox":false,"showFlares":true,"showImageEffects":true,"showParticleSystems":true},"in2DMode":false,"pivot":{"x":7.981334209442139,"y":-3.4797897338867189,"z":-8.247318267822266},"rotation":{"x":-0.30279046297073367,"y":-0.5708958506584168,"z":0.23812618851661683,"w":-0.725132942199707},"size":15.185548782348633,"orthographic":false}