{"cameraMode":{"drawMode":0,"name":"Shaded","section":"Shading Mode"},"sceneLighting":true,"audioPlay":false,"sceneViewState":{"showFog":true,"showMaterialUpdate":true,"showSkybox":true,"showFlares":true,"showImageEffects":true,"showParticleSystems":true},"in2DMode":false,"pivot":{"x":57.17339324951172,"y":44.25927734375,"z":-9.201595306396485},"rotation":{"x":-0.13139688968658448,"y":-0.8432115912437439,"z":0.239910289645195,"w":-0.463922917842865},"size":63.31117630004883,"orthographic":false}