{"cameraMode":{"drawMode":0,"name":"Shaded","section":"Shading Mode"},"sceneLighting":false,"audioPlay":false,"sceneViewState":{"showFog":true,"showMaterialUpdate":true,"showSkybox":false,"showFlares":true,"showImageEffects":true,"showParticleSystems":true},"in2DMode":false,"pivot":{"x":248.63565063476563,"y":0.4633546471595764,"z":164.7631072998047},"rotation":{"x":-0.13486972451210023,"y":0.023752441629767419,"z":-0.0037791093345731498,"w":-0.9906995296478272},"size":1.9666295051574708,"orthographic":false}