{"cameraMode":{"drawMode":0,"name":"Shaded","section":"Shading Mode"},"sceneLighting":false,"audioPlay":false,"sceneViewState":{"showFog":true,"showMaterialUpdate":true,"showSkybox":false,"showFlares":true,"showImageEffects":true,"showParticleSystems":true},"in2DMode":false,"pivot":{"x":-1.433983325958252,"y":-0.1426849663257599,"z":1.9940276145935059},"rotation":{"x":-0.017095649614930154,"y":0.9820048809051514,"z":-0.10944847017526627,"w":-0.15323594212532044},"size":3.6630163192749025,"orthographic":false}