{"cameraMode":{"drawMode":0,"name":"Shaded","section":"Shading Mode"},"sceneLighting":false,"audioPlay":false,"sceneViewState":{"showFog":true,"showMaterialUpdate":true,"showSkybox":false,"showFlares":true,"showImageEffects":true,"showParticleSystems":true},"in2DMode":false,"pivot":{"x":-16.366846084594728,"y":-1.001842975616455,"z":-6.143948554992676},"rotation":{"x":0.1055888831615448,"y":-0.282326877117157,"z":0.031649522483348849,"w":0.953325092792511},"size":5.472905158996582,"orthographic":false}