{"cameraMode":{"drawMode":0,"name":"Shaded","section":"Shading Mode"},"sceneLighting":false,"audioPlay":false,"sceneViewState":{"showFog":true,"showMaterialUpdate":true,"showSkybox":false,"showFlares":true,"showImageEffects":true,"showParticleSystems":true},"in2DMode":false,"pivot":{"x":0.8091030120849609,"y":-0.376350998878479,"z":17.556020736694337},"rotation":{"x":0.002626120811328292,"y":-0.9866065382957459,"z":0.1652093231678009,"w":0.013205768540501595},"size":2.235182523727417,"orthographic":false}