{"cameraMode":{"drawMode":0,"name":"Shaded","section":"Shading Mode"},"sceneLighting":false,"audioPlay":false,"sceneViewState":{"showFog":true,"showMaterialUpdate":true,"showSkybox":false,"showFlares":true,"showImageEffects":true,"showParticleSystems":true},"in2DMode":false,"pivot":{"x":-13.203327178955079,"y":4.713127136230469,"z":0.46675997972488406},"rotation":{"x":-0.13725970685482026,"y":0.6558106541633606,"z":-0.12306614220142365,"w":-0.7320975661277771},"size":4.425968170166016,"orthographic":false}