{"cameraMode":{"drawMode":0,"name":"Shaded","section":"Shading Mode"},"sceneLighting":false,"audioPlay":false,"sceneViewState":{"showFog":true,"showMaterialUpdate":true,"showSkybox":false,"showFlares":true,"showImageEffects":true,"showParticleSystems":true},"in2DMode":false,"pivot":{"x":0.38927003741264346,"y":2.2669999599456789,"z":-0.8203900456428528},"rotation":{"x":-0.08009868115186691,"y":0.8491993546485901,"z":-0.13697025179862977,"w":-0.5039706230163574},"size":3.428556203842163,"orthographic":false}