{"cameraMode":{"drawMode":0,"name":"Shaded","section":"Shading Mode"},"sceneLighting":false,"audioPlay":false,"sceneViewState":{"showFog":false,"showMaterialUpdate":false,"showSkybox":false,"showFlares":false,"showImageEffects":false,"showParticleSystems":false},"in2DMode":false,"pivot":{"x":0.6702422499656677,"y":0.8795130252838135,"z":-2.5188450813293459},"rotation":{"x":-0.28751471638679507,"y":-0.04914001375436783,"z":0.013996538706123829,"w":-0.9566476345062256},"size":2.166921854019165,"orthographic":false}