{"cameraMode":{"drawMode":0,"name":"Shaded","section":"Shading Mode"},"sceneLighting":true,"audioPlay":false,"sceneViewState":{"showFog":true,"showMaterialUpdate":true,"showSkybox":true,"showFlares":true,"showImageEffects":true,"showParticleSystems":true},"in2DMode":false,"pivot":{"x":14.473165512084961,"y":-1.456406831741333,"z":-3.4474105834960939},"rotation":{"x":0.1190970316529274,"y":0.4903247058391571,"z":-0.06767658144235611,"w":0.8607606291770935},"size":20.939573287963868,"orthographic":false}