{"cameraMode":{"drawMode":0,"name":"Shaded","section":"Shading Mode"},"sceneLighting":true,"audioPlay":false,"sceneViewState":{"showFog":true,"showMaterialUpdate":true,"showSkybox":true,"showFlares":true,"showImageEffects":true,"showParticleSystems":true},"in2DMode":false,"pivot":{"x":-2.4987049102783205,"y":-8.641471862792969,"z":34.25041198730469},"rotation":{"x":-0.21203680336475373,"y":0.04687546566128731,"z":-0.010263660922646523,"w":-0.9761035442352295},"size":117.25984954833985,"orthographic":false}