{"cameraMode":{"drawMode":0,"name":"Shaded","section":"Shading Mode"},"sceneLighting":true,"audioPlay":false,"sceneViewState":{"showFog":true,"showMaterialUpdate":true,"showSkybox":true,"showFlares":true,"showImageEffects":true,"showParticleSystems":true},"in2DMode":false,"pivot":{"x":-8.186335563659668,"y":4.886035919189453,"z":-31.36397361755371},"rotation":{"x":0.40494850277900698,"y":-0.17276403307914735,"z":0.08023481070995331,"w":0.894595205783844},"size":24.902542114257814,"orthographic":false}