{"cameraMode":{"drawMode":0,"name":"Shaded","section":"Shading Mode"},"sceneLighting":true,"audioPlay":false,"sceneViewState":{"showFog":true,"showMaterialUpdate":true,"showSkybox":true,"showFlares":true,"showImageEffects":true,"showParticleSystems":true},"in2DMode":false,"pivot":{"x":2.2537574768066408,"y":2.425787925720215,"z":-11.932186126708985},"rotation":{"x":-0.1733608841896057,"y":0.08466241508722305,"z":-0.015280192717909813,"w":-0.9811824560165405},"size":12.830016136169434,"orthographic":false}