{"cameraMode":{"drawMode":0,"name":"Shaded","section":"Shading Mode"},"sceneLighting":true,"audioPlay":false,"sceneViewState":{"showFog":true,"showMaterialUpdate":true,"showSkybox":true,"showFlares":true,"showImageEffects":true,"showParticleSystems":true},"in2DMode":false,"pivot":{"x":3.151597023010254,"y":3.2252860069274904,"z":-11.059328079223633},"rotation":{"x":0.12944938242435456,"y":-0.6734036803245544,"z":0.12200616300106049,"w":0.7177005410194397},"size":9.412862777709961,"orthographic":false}