{"cameraMode":{"drawMode":0,"name":"Shaded","section":"Shading Mode"},"sceneLighting":false,"audioPlay":false,"sceneViewState":{"showFog":true,"showMaterialUpdate":true,"showSkybox":false,"showFlares":true,"showImageEffects":true,"showParticleSystems":true},"in2DMode":false,"pivot":{"x":1.947434425354004,"y":-1.017087459564209,"z":-6.827119827270508},"rotation":{"x":-0.1710156500339508,"y":0.024228792637586595,"z":-0.004434827249497175,"w":-0.985019862651825},"size":9.621740341186524,"orthographic":false}