{"cameraMode":{"drawMode":0,"name":"Shaded","section":"Shading Mode"},"sceneLighting":true,"audioPlay":false,"sceneViewState":{"showFog":true,"showMaterialUpdate":true,"showSkybox":true,"showFlares":true,"showImageEffects":true,"showParticleSystems":true},"in2DMode":false,"pivot":{"x":-11.244600296020508,"y":0.3211092948913574,"z":-11.240087509155274},"rotation":{"x":-0.1026211678981781,"y":-0.05618482083082199,"z":0.00550885358825326,"w":-0.9934424757957459},"size":2.8774702548980715,"orthographic":false}