{"cameraMode":{"drawMode":0,"name":"Shaded","section":"Shading Mode"},"sceneLighting":true,"audioPlay":false,"sceneViewState":{"showFog":true,"showMaterialUpdate":true,"showSkybox":true,"showFlares":true,"showImageEffects":true,"showParticleSystems":true},"in2DMode":false,"pivot":{"x":1.0565005540847779,"y":-8.29123592376709,"z":77.69718933105469},"rotation":{"x":0.05580122023820877,"y":0.00808482151478529,"z":0.00037560073542408645,"w":0.9985560178756714},"size":80.39105224609375,"orthographic":false}