{"cameraMode":{"drawMode":0,"name":"Shaded","section":"Shading Mode"},"sceneLighting":false,"audioPlay":false,"sceneViewState":{"showFog":true,"showMaterialUpdate":true,"showSkybox":false,"showFlares":true,"showImageEffects":true,"showParticleSystems":true},"in2DMode":false,"pivot":{"x":-13.912300109863282,"y":-0.4841601848602295,"z":-15.148636817932129},"rotation":{"x":0.1381014883518219,"y":-0.7798976898193359,"z":0.1856507956981659,"w":0.5821691155433655},"size":2.488126516342163,"orthographic":false}