{"cameraMode":{"drawMode":0,"name":"Shaded","section":"Shading Mode"},"sceneLighting":false,"audioPlay":false,"sceneViewState":{"showFog":true,"showMaterialUpdate":true,"showSkybox":false,"showFlares":true,"showImageEffects":true,"showParticleSystems":true},"in2DMode":false,"pivot":{"x":0.44999998807907107,"y":1.1800000667572022,"z":3.864849090576172},"rotation":{"x":-0.2403848022222519,"y":-0.06457982957363129,"z":0.016024978831410409,"w":-0.9684061408042908},"size":3.91369891166687,"orthographic":false}