{"cameraMode":{"drawMode":0,"name":"Shaded","section":"Shading Mode"},"sceneLighting":false,"audioPlay":false,"sceneViewState":{"showFog":true,"showMaterialUpdate":true,"showSkybox":false,"showFlares":true,"showImageEffects":true,"showParticleSystems":true},"in2DMode":false,"pivot":{"x":58.54743194580078,"y":3.583362579345703,"z":141.76016235351563},"rotation":{"x":0.16668134927749635,"y":0.0006402456201612949,"z":0.0010106954723596573,"w":0.9862813353538513},"size":1.9391319751739503,"orthographic":false}