{"cameraMode":{"drawMode":0,"name":"Shaded","section":"Shading Mode"},"sceneLighting":false,"audioPlay":false,"sceneViewState":{"showFog":true,"showMaterialUpdate":true,"showSkybox":false,"showFlares":true,"showImageEffects":true,"showParticleSystems":true},"in2DMode":false,"pivot":{"x":-0.4524097442626953,"y":4.021190643310547,"z":0.08826541900634766},"rotation":{"x":0.07039359956979752,"y":0.11557751148939133,"z":-0.007324204780161381,"w":0.9909198880195618},"size":8.802399635314942,"orthographic":false}