{"cameraMode":{"drawMode":0,"name":"Shaded","section":"Shading Mode"},"sceneLighting":true,"audioPlay":false,"sceneViewState":{"showFog":true,"showMaterialUpdate":true,"showSkybox":false,"showFlares":true,"showImageEffects":true,"showParticleSystems":true},"in2DMode":false,"pivot":{"x":-1.2782819271087647,"y":1.120490312576294,"z":-4.7860941886901859},"rotation":{"x":0.13553957641124726,"y":0.1813938021659851,"z":-0.025249693542718889,"w":0.9737193584442139},"size":8.149338722229004,"orthographic":false}