{"cameraMode":{"drawMode":0,"name":"Shaded","section":"Shading Mode"},"sceneLighting":true,"audioPlay":false,"sceneViewState":{"showFog":true,"showMaterialUpdate":true,"showSkybox":true,"showFlares":true,"showImageEffects":true,"showParticleSystems":true},"in2DMode":false,"pivot":{"x":1.5834660530090333,"y":1.7667124271392823,"z":-12.292693138122559},"rotation":{"x":-0.1733608841896057,"y":0.08466241508722305,"z":-0.015280192717909813,"w":-0.9811824560165405},"size":8.535584449768067,"orthographic":false}