{"cameraMode":{"drawMode":0,"name":"Shaded","section":"Shading Mode"},"sceneLighting":true,"audioPlay":false,"sceneViewState":{"showFog":true,"showMaterialUpdate":true,"showSkybox":true,"showFlares":true,"showImageEffects":true,"showParticleSystems":true},"in2DMode":false,"pivot":{"x":-8.126590728759766,"y":-4.201652526855469,"z":0.15618515014648438},"rotation":{"x":-0.03469263017177582,"y":0.9404880404472351,"z":-0.3246106505393982,"w":-0.09847671538591385},"size":21.917573928833009,"orthographic":false}