{"cameraMode":{"drawMode":0,"name":"Shaded","section":"Shading Mode"},"sceneLighting":false,"audioPlay":false,"sceneViewState":{"showFog":true,"showMaterialUpdate":true,"showSkybox":false,"showFlares":true,"showImageEffects":true,"showParticleSystems":true},"in2DMode":false,"pivot":{"x":-11.54694652557373,"y":0.7589937448501587,"z":-13.783584594726563},"rotation":{"x":-0.0907207801938057,"y":-0.04959765076637268,"z":0.004363854415714741,"w":-0.9949944615364075},"size":0.9932942986488342,"orthographic":false}