{"cameraMode":{"drawMode":0,"name":"Shaded","section":"Shading Mode"},"sceneLighting":true,"audioPlay":false,"sceneViewState":{"showFog":true,"showMaterialUpdate":true,"showSkybox":true,"showFlares":true,"showImageEffects":true,"showParticleSystems":true},"in2DMode":false,"pivot":{"x":6.699895858764648,"y":1.0071401596069337,"z":2.0223541259765627},"rotation":{"x":-0.17543938755989076,"y":0.21716421842575074,"z":-0.03997943922877312,"w":-0.9594855308532715},"size":27.384180068969728,"orthographic":false}