{"cameraMode":{"drawMode":0,"name":"Shaded","section":"Shading Mode"},"sceneLighting":true,"audioPlay":false,"sceneViewState":{"showFog":true,"showMaterialUpdate":true,"showSkybox":true,"showFlares":true,"showImageEffects":true,"showParticleSystems":true},"in2DMode":false,"pivot":{"x":9.033279418945313,"y":0.31276988983154299,"z":6.706277847290039},"rotation":{"x":0.1190970316529274,"y":0.4903247058391571,"z":-0.06767658144235611,"w":0.8607606291770935},"size":45.99082565307617,"orthographic":false}