{"cameraMode":{"drawMode":0,"name":"Shaded","section":"Shading Mode"},"sceneLighting":true,"audioPlay":false,"sceneViewState":{"showFog":true,"showMaterialUpdate":true,"showSkybox":true,"showFlares":true,"showImageEffects":true,"showParticleSystems":true},"in2DMode":false,"pivot":{"x":-8.07373046875,"y":-9.132730484008789,"z":11.02804183959961},"rotation":{"x":-0.13900776207447053,"y":0.5337885618209839,"z":-0.08934391289949417,"w":-0.8299446105957031},"size":54.18358612060547,"orthographic":false}