{"cameraMode":{"drawMode":0,"name":"Shaded","section":"Shading Mode"},"sceneLighting":true,"audioPlay":false,"sceneViewState":{"showFog":true,"showMaterialUpdate":true,"showSkybox":true,"showFlares":true,"showImageEffects":true,"showParticleSystems":true},"in2DMode":false,"pivot":{"x":-3.0591282844543459,"y":0.13937854766845704,"z":2.163022994995117},"rotation":{"x":0.14715154469013215,"y":-0.2951214015483856,"z":0.04606557637453079,"w":0.9429494142532349},"size":6.693973064422607,"orthographic":false}