{"cameraMode":{"drawMode":0,"name":"Shaded","section":"Shading Mode"},"sceneLighting":true,"audioPlay":false,"sceneViewState":{"showFog":true,"showMaterialUpdate":true,"showSkybox":true,"showFlares":true,"showImageEffects":true,"showParticleSystems":true},"in2DMode":false,"pivot":{"x":1.0773035287857056,"y":1.6216721534729005,"z":-2.6999549865722658},"rotation":{"x":0.1833767592906952,"y":-0.06367512792348862,"z":0.011901943944394589,"w":0.9809271097183228},"size":11.694733619689942,"orthographic":false}