{"cameraMode":{"drawMode":0,"name":"Shaded","section":"Shading Mode"},"sceneLighting":true,"audioPlay":false,"sceneViewState":{"showFog":true,"showMaterialUpdate":true,"showSkybox":true,"showFlares":true,"showImageEffects":true,"showParticleSystems":true},"in2DMode":false,"pivot":{"x":-0.5466899871826172,"y":2.126868486404419,"z":1.6221141815185547},"rotation":{"x":0.0546603687107563,"y":0.3544779121875763,"z":-0.020755579695105554,"w":0.9332491159439087},"size":12.438562393188477,"orthographic":false}