{"cameraMode":{"drawMode":0,"name":"Shaded","section":"Shading Mode"},"sceneLighting":true,"audioPlay":false,"sceneViewState":{"showFog":true,"showMaterialUpdate":true,"showSkybox":true,"showFlares":true,"showImageEffects":true,"showParticleSystems":true},"in2DMode":false,"pivot":{"x":-2.712893486022949,"y":0.18629121780395509,"z":-1.3700236082077027},"rotation":{"x":-0.21332691609859467,"y":0.6552916169166565,"z":-0.2007753849029541,"w":-0.6962573528289795},"size":12.729312896728516,"orthographic":false}