{"cameraMode":{"drawMode":0,"name":"Shaded","section":"Shading Mode"},"sceneLighting":false,"audioPlay":false,"sceneViewState":{"showFog":true,"showMaterialUpdate":true,"showSkybox":false,"showFlares":true,"showImageEffects":true,"showParticleSystems":true},"in2DMode":false,"pivot":{"x":2.2487709522247316,"y":2.990000009536743,"z":-12.06379508972168},"rotation":{"x":-0.07116337865591049,"y":0.0693855956196785,"z":-0.005188723094761372,"w":-0.9950922131538391},"size":6.116486072540283,"orthographic":false}