{"cameraMode":{"drawMode":0,"name":"Shaded","section":"Shading Mode"},"sceneLighting":true,"audioPlay":false,"sceneViewState":{"showFog":true,"showMaterialUpdate":true,"showSkybox":true,"showFlares":true,"showImageEffects":true,"showParticleSystems":true},"in2DMode":false,"pivot":{"x":2.5367965698242189,"y":2.6673977375030519,"z":-2.375514507293701},"rotation":{"x":0.22270013391971589,"y":-0.29014891386032107,"z":0.0696219652891159,"w":0.9281010627746582},"size":7.956523418426514,"orthographic":false}