{"cameraMode":{"drawMode":0,"name":"Shaded","section":"Shading Mode"},"sceneLighting":true,"audioPlay":false,"sceneViewState":{"showFog":true,"showMaterialUpdate":true,"showSkybox":true,"showFlares":true,"showImageEffects":true,"showParticleSystems":true},"in2DMode":false,"pivot":{"x":0.9141734838485718,"y":2.1700000762939455,"z":3.3814620971679689},"rotation":{"x":-0.14560505747795106,"y":0.6673808097839356,"z":-0.13577020168304444,"w":-0.717711865901947},"size":1.864053726196289,"orthographic":false}