{"cameraMode":{"drawMode":0,"name":"Shaded","section":"Shading Mode"},"sceneLighting":false,"audioPlay":false,"sceneViewState":{"showFog":true,"showMaterialUpdate":true,"showSkybox":false,"showFlares":true,"showImageEffects":true,"showParticleSystems":true},"in2DMode":false,"pivot":{"x":0.13687056303024293,"y":1.0817296504974366,"z":-2.735222339630127},"rotation":{"x":-0.013988128863275051,"y":0.9674054384231567,"z":-0.24693046510219575,"w":-0.0552082359790802},"size":11.868538856506348,"orthographic":false}