{"cameraMode":{"drawMode":0,"name":"Shaded","section":"Shading Mode"},"sceneLighting":true,"audioPlay":false,"sceneViewState":{"showFog":true,"showMaterialUpdate":true,"showSkybox":true,"showFlares":true,"showImageEffects":true,"showParticleSystems":true},"in2DMode":false,"pivot":{"x":1.3127620220184327,"y":1.3704416751861573,"z":0.53440260887146},"rotation":{"x":0.31043824553489687,"y":0.12046876549720764,"z":-0.03968886658549309,"w":0.9421072602272034},"size":7.233356952667236,"orthographic":false}