{"cameraMode":{"drawMode":0,"name":"Shaded","section":"Shading Mode"},"sceneLighting":false,"audioPlay":false,"sceneViewState":{"showFog":true,"showMaterialUpdate":true,"showSkybox":false,"showFlares":true,"showImageEffects":true,"showParticleSystems":true},"in2DMode":false,"pivot":{"x":209.1945037841797,"y":8.729784965515137,"z":165.38897705078126},"rotation":{"x":-0.049958374351263049,"y":0.7170864939689636,"z":-0.05221065878868103,"w":-0.6933847665786743},"size":3.3640525341033937,"orthographic":false}