{"cameraMode":{"drawMode":0,"name":"Shaded","section":"Shading Mode"},"sceneLighting":false,"audioPlay":false,"sceneViewState":{"showFog":true,"showMaterialUpdate":true,"showSkybox":false,"showFlares":true,"showImageEffects":true,"showParticleSystems":true},"in2DMode":false,"pivot":{"x":-2.92397403717041,"y":-0.10094153881072998,"z":3.270829439163208},"rotation":{"x":-0.08566895127296448,"y":0.7105843424797058,"z":-0.08783326297998429,"w":-0.6928961873054504},"size":4.263016223907471,"orthographic":false}