{"cameraMode":{"drawMode":0,"name":"Shaded","section":"Shading Mode"},"sceneLighting":true,"audioPlay":false,"sceneViewState":{"showFog":true,"showMaterialUpdate":true,"showSkybox":true,"showFlares":true,"showImageEffects":true,"showParticleSystems":true},"in2DMode":false,"pivot":{"x":-4.35626220703125,"y":4.014535903930664,"z":16.909046173095704},"rotation":{"x":-0.040016982704401019,"y":0.2803115248680115,"z":-0.010751718655228615,"w":-0.9595359563827515},"size":24.342391967773439,"orthographic":false}