{"cameraMode":{"drawMode":0,"name":"Shaded","section":"Shading Mode"},"sceneLighting":true,"audioPlay":false,"sceneViewState":{"showFog":true,"showMaterialUpdate":true,"showSkybox":true,"showFlares":true,"showImageEffects":true,"showParticleSystems":true},"in2DMode":false,"pivot":{"x":5.653305530548096,"y":3.9223625659942629,"z":-1.876542091369629},"rotation":{"x":-0.09480807930231095,"y":0.19755353033542634,"z":-0.01934000849723816,"w":-0.975548505783081},"size":12.472939491271973,"orthographic":false}