{"cameraMode":{"drawMode":0,"name":"Shaded","section":"Shading Mode"},"sceneLighting":true,"audioPlay":false,"sceneViewState":{"showFog":true,"showMaterialUpdate":true,"showSkybox":true,"showFlares":true,"showImageEffects":true,"showParticleSystems":true},"in2DMode":false,"pivot":{"x":-64.2381820678711,"y":-19.558448791503908,"z":-19.99504852294922},"rotation":{"x":-0.10972335934638977,"y":0.8588804602622986,"z":-0.20375607907772065,"w":-0.45800334215164187},"size":75.1812973022461,"orthographic":false}