{"cameraMode":{"drawMode":0,"name":"Shaded","section":"Shading Mode"},"sceneLighting":false,"audioPlay":false,"sceneViewState":{"showFog":true,"showMaterialUpdate":true,"showSkybox":false,"showFlares":true,"showImageEffects":true,"showParticleSystems":true},"in2DMode":false,"pivot":{"x":-4.0937089920043949,"y":0.07171136140823364,"z":3.4105722904205324},"rotation":{"x":-0.06391096860170365,"y":0.7004668712615967,"z":-0.06319843232631684,"w":-0.7080690860748291},"size":5.558509826660156,"orthographic":false}