{"cameraMode":{"drawMode":0,"name":"Shaded","section":"Shading Mode"},"sceneLighting":false,"audioPlay":false,"sceneViewState":{"showFog":true,"showMaterialUpdate":true,"showSkybox":false,"showFlares":true,"showImageEffects":true,"showParticleSystems":true},"in2DMode":false,"pivot":{"x":-0.5587934255599976,"y":0.44395413994789126,"z":3.377842903137207},"rotation":{"x":-0.04364890977740288,"y":0.7030337452888489,"z":-0.043270666152238849,"w":-0.7085399031639099},"size":1.263016700744629,"orthographic":false}