{"cameraMode":{"drawMode":0,"name":"Shaded","section":"Shading Mode"},"sceneLighting":false,"audioPlay":false,"sceneViewState":{"showFog":true,"showMaterialUpdate":true,"showSkybox":false,"showFlares":true,"showImageEffects":true,"showParticleSystems":true},"in2DMode":false,"pivot":{"x":-0.931533932685852,"y":1.2045544385910035,"z":26.15375328063965},"rotation":{"x":-0.019861608743667604,"y":0.9805071353912354,"z":-0.15807479619979859,"w":-0.11925218254327774},"size":2.7468292713165285,"orthographic":false}