{"cameraMode":{"drawMode":0,"name":"Shaded","section":"Shading Mode"},"sceneLighting":false,"audioPlay":false,"sceneViewState":{"showFog":true,"showMaterialUpdate":true,"showSkybox":false,"showFlares":true,"showImageEffects":true,"showParticleSystems":true},"in2DMode":false,"pivot":{"x":-2.238935947418213,"y":0.2696409225463867,"z":-10.200278282165528},"rotation":{"x":-0.13335181772708894,"y":0.6161780953407288,"z":-0.10716026276350022,"w":-0.7688794732093811},"size":15.560493469238282,"orthographic":false}