{"cameraMode":{"drawMode":0,"name":"Shaded","section":"Shading Mode"},"sceneLighting":false,"audioPlay":false,"sceneViewState":{"showFog":true,"showMaterialUpdate":true,"showSkybox":false,"showFlares":true,"showImageEffects":true,"showParticleSystems":true},"in2DMode":false,"pivot":{"x":-0.906827449798584,"y":0.3999999761581421,"z":3.3783211708068849},"rotation":{"x":0.25159505009651186,"y":-0.2560948133468628,"z":0.06922481209039688,"w":0.9307666420936585},"size":1.8902431726455689,"orthographic":false}