{"cameraMode":{"drawMode":0,"name":"Shaded","section":"Shading Mode"},"sceneLighting":true,"audioPlay":false,"sceneViewState":{"showFog":true,"showMaterialUpdate":true,"showSkybox":true,"showFlares":true,"showImageEffects":true,"showParticleSystems":true},"in2DMode":false,"pivot":{"x":542.8331909179688,"y":208.54220581054688,"z":-0.4130859375},"rotation":{"x":-0.0024070274084806444,"y":0.006631272844970226,"z":-0.0002670588146429509,"w":-1.0000512599945069},"size":796.6378784179688,"orthographic":false}