{"cameraMode":{"drawMode":0,"name":"Shaded","section":"Shading Mode"},"sceneLighting":false,"audioPlay":false,"sceneViewState":{"showFog":true,"showMaterialUpdate":true,"showSkybox":false,"showFlares":true,"showImageEffects":true,"showParticleSystems":true},"in2DMode":false,"pivot":{"x":-6.820502281188965,"y":2.7713074684143068,"z":-7.741424560546875},"rotation":{"x":0.19472865760326386,"y":-0.4715988337993622,"z":0.10772129148244858,"w":0.8533127307891846},"size":11.874637603759766,"orthographic":false}