{"cameraMode":{"drawMode":0,"name":"Shaded","section":"Shading Mode"},"sceneLighting":false,"audioPlay":false,"sceneViewState":{"showFog":true,"showMaterialUpdate":true,"showSkybox":false,"showFlares":true,"showImageEffects":true,"showParticleSystems":true},"in2DMode":false,"pivot":{"x":-2.3861303329467775,"y":0.7545409202575684,"z":-10.063159942626954},"rotation":{"x":-0.13335181772708894,"y":0.6161780953407288,"z":-0.10716026276350022,"w":-0.7688794732093811},"size":9.231429100036621,"orthographic":false}