{"cameraMode":{"drawMode":0,"name":"Shaded","section":"Shading Mode"},"sceneLighting":true,"audioPlay":false,"sceneViewState":{"showFog":true,"showMaterialUpdate":true,"showSkybox":true,"showFlares":true,"showImageEffects":true,"showParticleSystems":true},"in2DMode":false,"pivot":{"x":38.35175704956055,"y":2.359030246734619,"z":34.199554443359378},"rotation":{"x":0.009137350134551525,"y":0.9905843734741211,"z":-0.09188316762447357,"w":0.10605642944574356},"size":3.964111566543579,"orthographic":false}