{"cameraMode":{"drawMode":0,"name":"Shaded","section":"Shading Mode"},"sceneLighting":false,"audioPlay":false,"sceneViewState":{"showFog":true,"showMaterialUpdate":true,"showSkybox":false,"showFlares":true,"showImageEffects":true,"showParticleSystems":true},"in2DMode":false,"pivot":{"x":0.18085768818855287,"y":6.04824686050415,"z":0.18939226865768434},"rotation":{"x":-0.18963709473609925,"y":-0.3721484839916229,"z":0.07796161621809006,"w":-0.9056857824325562},"size":0.6433013677597046,"orthographic":false}