{"cameraMode":{"drawMode":0,"name":"Shaded","section":"Shading Mode"},"sceneLighting":false,"audioPlay":false,"sceneViewState":{"showFog":true,"showMaterialUpdate":true,"showSkybox":false,"showFlares":true,"showImageEffects":true,"showParticleSystems":true},"in2DMode":false,"pivot":{"x":-17.819515228271486,"y":-2.8406386375427248,"z":-14.621875762939454},"rotation":{"x":0.18883638083934785,"y":-0.7038260102272034,"z":0.20376427471637727,"w":0.6543188691139221},"size":5.172904968261719,"orthographic":false}