{"cameraMode":{"drawMode":0,"name":"Shaded","section":"Shading Mode"},"sceneLighting":true,"audioPlay":false,"sceneViewState":{"showFog":true,"showMaterialUpdate":true,"showSkybox":true,"showFlares":true,"showImageEffects":true,"showParticleSystems":true},"in2DMode":false,"pivot":{"x":-0.6458740234375,"y":-0.41381239891052248,"z":6.025712013244629},"rotation":{"x":-0.2403848022222519,"y":-0.06457982957363129,"z":0.016024978831410409,"w":-0.9684061408042908},"size":7.011969089508057,"orthographic":false}