{"cameraMode":{"drawMode":0,"name":"Shaded","section":"Shading Mode"},"sceneLighting":true,"audioPlay":false,"sceneViewState":{"showFog":true,"showMaterialUpdate":true,"showSkybox":true,"showFlares":true,"showImageEffects":true,"showParticleSystems":true},"in2DMode":false,"pivot":{"x":4.189506530761719,"y":5.311177730560303,"z":-10.601881980895996},"rotation":{"x":-0.17429283261299134,"y":0.21001984179019929,"z":-0.038340725004673007,"w":-0.9613441824913025},"size":8.552945137023926,"orthographic":false}