{"cameraMode":{"drawMode":0,"name":"Shaded","section":"Shading Mode"},"sceneLighting":true,"audioPlay":false,"sceneViewState":{"showFog":true,"showMaterialUpdate":true,"showSkybox":true,"showFlares":true,"showImageEffects":true,"showParticleSystems":true},"in2DMode":false,"pivot":{"x":-124.31097412109375,"y":-95.59659576416016,"z":-74.28884887695313},"rotation":{"x":-0.14115644991397859,"y":0.8363489508628845,"z":-0.25261643528938296,"w":-0.4667333960533142},"size":118.74227142333985,"orthographic":false}