{"cameraMode":{"drawMode":0,"name":"Shaded","section":"Shading Mode"},"sceneLighting":false,"audioPlay":false,"sceneViewState":{"showFog":true,"showMaterialUpdate":true,"showSkybox":false,"showFlares":true,"showImageEffects":true,"showParticleSystems":true},"in2DMode":false,"pivot":{"x":-0.001263245940208435,"y":6.003183364868164,"z":-0.012270048260688782},"rotation":{"x":0.11639038473367691,"y":-0.655023455619812,"z":0.10217100381851196,"w":0.7402571439743042},"size":0.20660777390003205,"orthographic":false}