{"cameraMode":{"drawMode":0,"name":"Shaded","section":"Shading Mode"},"sceneLighting":false,"audioPlay":false,"sceneViewState":{"showFog":true,"showMaterialUpdate":true,"showSkybox":true,"showFlares":true,"showImageEffects":true,"showParticleSystems":true},"in2DMode":false,"pivot":{"x":-1.0422821044921876,"y":-2.682806968688965,"z":3.570211410522461},"rotation":{"x":-0.21961979568004609,"y":0.0020228070206940176,"z":-0.0007202774868346751,"w":-0.9756618738174439},"size":26.138233184814454,"orthographic":false}