{"cameraMode":{"drawMode":0,"name":"Shaded","section":"Shading Mode"},"sceneLighting":false,"audioPlay":false,"sceneViewState":{"showFog":true,"showMaterialUpdate":true,"showSkybox":false,"showFlares":true,"showImageEffects":true,"showParticleSystems":true},"in2DMode":false,"pivot":{"x":-21.86513900756836,"y":-6.84479284286499,"z":-3.2142343521118166},"rotation":{"x":0.2138708531856537,"y":-0.36959996819496157,"z":0.0883074700832367,"w":0.9003162384033203},"size":9.651476860046387,"orthographic":false}