{"cameraMode":{"drawMode":0,"name":"Shaded","section":"Shading Mode"},"sceneLighting":true,"audioPlay":false,"sceneViewState":{"showFog":true,"showMaterialUpdate":true,"showSkybox":true,"showFlares":true,"showImageEffects":true,"showParticleSystems":true},"in2DMode":false,"pivot":{"x":7.606288909912109,"y":-6.530095100402832,"z":13.601947784423829},"rotation":{"x":-0.0482170507311821,"y":-0.9507563710212708,"z":0.19477976858615876,"w":-0.23853881657123567},"size":20.187511444091798,"orthographic":false}