{"cameraMode":{"drawMode":0,"name":"Shaded","section":"Shading Mode"},"sceneLighting":false,"audioPlay":false,"sceneViewState":{"showFog":true,"showMaterialUpdate":true,"showSkybox":false,"showFlares":true,"showImageEffects":true,"showParticleSystems":true},"in2DMode":false,"pivot":{"x":-4.3059916496276859,"y":2.1290857791900636,"z":-24.852603912353517},"rotation":{"x":-0.030075998976826669,"y":-0.4222702980041504,"z":0.01221421454101801,"w":-0.9062033891677856},"size":2.8178915977478029,"orthographic":false}