{"cameraMode":{"drawMode":0,"name":"Shaded","section":"Shading Mode"},"sceneLighting":false,"audioPlay":false,"sceneViewState":{"showFog":true,"showMaterialUpdate":true,"showSkybox":false,"showFlares":true,"showImageEffects":true,"showParticleSystems":true},"in2DMode":false,"pivot":{"x":6.831308841705322,"y":-0.8028444647789002,"z":-45.780364990234378},"rotation":{"x":-0.10983981937170029,"y":0.6335638761520386,"z":-0.09154204279184342,"w":-0.7609061002731323},"size":0.824992835521698,"orthographic":false}