{"cameraMode":{"drawMode":0,"name":"Shaded","section":"Shading Mode"},"sceneLighting":false,"audioPlay":false,"sceneViewState":{"showFog":true,"showMaterialUpdate":true,"showSkybox":false,"showFlares":true,"showImageEffects":true,"showParticleSystems":true},"in2DMode":false,"pivot":{"x":-8.15848159790039,"y":1.2202093601226807,"z":-12.320906639099121},"rotation":{"x":-0.032856978476047519,"y":-0.8681824803352356,"z":0.05826946347951889,"w":-0.49250760674476626},"size":2.287642240524292,"orthographic":false}