{"cameraMode":{"drawMode":0,"name":"Shaded","section":"Shading Mode"},"sceneLighting":false,"audioPlay":false,"sceneViewState":{"showFog":true,"showMaterialUpdate":true,"showSkybox":false,"showFlares":true,"showImageEffects":true,"showParticleSystems":true},"in2DMode":false,"pivot":{"x":-11.216742515563965,"y":-1.9338858127593995,"z":5.8700151443481449},"rotation":{"x":0.0910700112581253,"y":-0.6213226318359375,"z":0.07302747666835785,"w":0.7748135328292847},"size":13.818117141723633,"orthographic":false}