{"cameraMode":{"drawMode":0,"name":"Shaded","section":"Shading Mode"},"sceneLighting":false,"audioPlay":false,"sceneViewState":{"showFog":true,"showMaterialUpdate":true,"showSkybox":false,"showFlares":true,"showImageEffects":true,"showParticleSystems":true},"in2DMode":false,"pivot":{"x":-19.956268310546876,"y":0.8349636793136597,"z":3.149651288986206},"rotation":{"x":0.10016915947198868,"y":-0.6281910538673401,"z":0.08214928209781647,"w":0.7672338485717773},"size":4.910234451293945,"orthographic":false}