{"cameraMode":{"drawMode":0,"name":"Shaded","section":"Shading Mode"},"sceneLighting":true,"audioPlay":false,"sceneViewState":{"showFog":true,"showMaterialUpdate":true,"showSkybox":true,"showFlares":true,"showImageEffects":true,"showParticleSystems":true},"in2DMode":false,"pivot":{"x":2.7575008869171144,"y":3.3031561374664308,"z":2.0166969299316408},"rotation":{"x":0.18443390727043153,"y":-0.0721680298447609,"z":0.013580013997852803,"w":0.9801124930381775},"size":6.6398420333862309,"orthographic":false}