{"cameraMode":{"drawMode":0,"name":"Shaded","section":"Shading Mode"},"sceneLighting":false,"audioPlay":false,"sceneViewState":{"showFog":true,"showMaterialUpdate":true,"showSkybox":false,"showFlares":true,"showImageEffects":true,"showParticleSystems":true},"in2DMode":false,"pivot":{"x":2.3911280632019045,"y":-0.2597835063934326,"z":2.6077394485473635},"rotation":{"x":-0.055123910307884219,"y":-0.9333767294883728,"z":0.1634874790906906,"w":-0.3147110044956207},"size":6.805088520050049,"orthographic":false}