{"cameraMode":{"drawMode":0,"name":"Shaded","section":"Shading Mode"},"sceneLighting":true,"audioPlay":false,"sceneViewState":{"showFog":true,"showMaterialUpdate":false,"showSkybox":true,"showFlares":true,"showImageEffects":true,"showParticleSystems":true},"in2DMode":false,"pivot":{"x":1.5453312397003174,"y":-64.34970092773438,"z":37.303749084472659},"rotation":{"x":-0.02820727787911892,"y":0.9419034719467163,"z":-0.3245311379432678,"w":-0.08186742663383484},"size":12.40952205657959,"orthographic":false}