{"cameraMode":{"drawMode":0,"name":"Shaded","section":"Shading Mode"},"sceneLighting":true,"audioPlay":false,"sceneViewState":{"showFog":true,"showMaterialUpdate":false,"showSkybox":true,"showFlares":true,"showImageEffects":true,"showParticleSystems":true},"in2DMode":false,"pivot":{"x":21.069908142089845,"y":-5.525850296020508,"z":-8.073522567749024},"rotation":{"x":-0.08941467106342316,"y":-0.9087640047073364,"z":0.25621297955513,"w":-0.31707751750946047},"size":18.750343322753908,"orthographic":false}